team,season,games,wins,points_for,points_against,win_pct,pf_per_game,pa_per_game,point_diff_per_game,cb_share,dl_edge_share,lb_share,ol_share,qb_share,rb_share,s_share,st_share,wr_te_share,cb_top_share,dl_edge_top_share,lb_top_share,ol_top_share,wr_te_top_share,qb_name,rookie_qb
ARI,2013,16,10.0,379,324,0.625,23.6875,20.25,3.4375,0.09765156029378573,0.27335122404766393,0.07202751049412,0.18041048384229932,0.06672018554652805,0.05735752681556255,0.03036747883479943,0.022157222658503336,0.1999568074667376,0.5563196149813449,0.34597800568392434,0.4282759831513364,0.43584562138405397,0.5540502206255006,Carson Palmer,0
ARI,2014,16,11.0,310,299,0.6875,19.375,18.6875,0.6875,0.14503996905988956,0.3079335146450107,0.055726035443017796,0.1141976437176053,0.14375738732821175,0.018871524625633948,0.030372530044577396,0.017682566210561638,0.166418828925492,0.4181844881282956,0.31942670600905804,0.47960043090477134,0.3158220653124625,0.4518264479973764,Drew Stanton,0
ARI,2015,16,13.0,489,313,0.8125,30.5625,19.5625,11.0,0.1679994672573109,0.2274010100692751,0.07301106309849839,0.2113166527858937,0.09130701082836089,0.02217549930507664,0.03164999873156503,0.013583210291025894,0.16155608763299356,0.6793138106558851,0.5004561445700068,0.40685387087641717,0.3103498913884915,0.5181706446252953,Carson Palmer,0
ARI,2016,16,7.5,418,362,0.46875,26.125,22.625,3.5,0.11930238385322027,0.25104420960960755,0.04459661942519225,0.12876335881335108,0.15092034746583283,0.03638087345772255,0.0806909063834998,0.009398807801314078,0.1789024931902597,0.6355405738699904,0.4372378347030538,0.3440608712998871,0.2794961355466819,0.6376920071522891,Carson Palmer,0
ARI,2017,16,8.0,295,361,0.5,18.4375,22.5625,-4.125,0.12992829587711766,0.16274440471369808,0.037681379469811836,0.1775901988869187,0.18109754733772931,0.02251950566125163,0.0959191244398198,0.029554357867292685,0.16296518574636032,0.6478707110123886,0.3773503170157748,0.39976854130499545,0.34580541660613634,0.5972899616660433,Carson Palmer,0
ARI,2018,16,3.0,225,425,0.1875,14.0625,26.5625,-12.5,0.12157107292999049,0.21993943646086392,0.0966697891113172,0.12495008969498461,0.03941422307325574,0.05480331982451107,0.06677027772926564,0.052231338617780385,0.22365045255803098,0.9271822725966711,0.531105076843709,0.6796384741172963,0.28347394545732096,0.5677824788594533,Josh Rosen,1
ARI,2019,16,5.5,361,442,0.34375,22.5625,27.625,-5.0625,0.1238711207751819,0.23142387400299433,0.054678648093392866,0.24123222756209747,0.05884010025300126,0.08609967391916887,0.03394927955229604,0.026196351096337594,0.1437087247455296,0.4581572234678392,0.4545732666293529,0.8138966596384042,0.2829689056420854,0.5551913500299359,Kyler Murray,1
ARI,2020,16,8.0,410,367,0.5,25.625,22.9375,2.6875,0.13874810004286456,0.253460139243638,0.10113693710233863,0.16289150820644857,0.05315257895669081,0.058789234533131667,0.038437510901074994,0.03625294518397596,0.1571310458298368,0.527332429847602,0.46708290468441177,0.5761352278269145,0.3577138731217509,0.4149739115613957,Kyler Murray,1
ARI,2021,17,11.0,449,366,0.6470588235294118,26.41176470588235,21.529411764705884,4.8823529411764675,0.0303427156599508,0.3026312986316582,0.08178129991704836,0.2169207000535551,0.06288921429406062,0.024897229794106603,0.06692588417675642,0.02450895684261416,0.18910270063024978,0.40753074359752695,0.3783522681787915,0.41227326336160197,0.5214024454324087,0.3751276221683379,Kyler Murray,1
ARI,2022,17,4.0,340,449,0.23529411764705882,20.0,26.41176470588235,-6.4117647058823515,0.039347718736766985,0.202613168461872,0.06644743990625132,0.2467825507330095,0.0902980405191132,0.03431969818565832,0.1082927291760449,0.03657571800485738,0.1753229362764263,0.5260499315914261,0.4606893379068244,0.4684410677360685,0.2829716876100895,0.4956454501006832,Kyler Murray,1
ARI,2023,17,4.0,330,455,0.23529411764705882,19.41176470588235,26.764705882352942,-7.3529411764705905,0.04409002151730043,0.1313679732132149,0.0516368461048626,0.22325489848860483,0.11346892687822764,0.0790363961322695,0.1628108920107541,0.03373489646882339,0.1605991491859427,0.22917421350083625,0.21929596242398136,0.42397324767943134,0.38143287073293136,0.5625970955007416,Joshua Dobbs,0
ARI,2024,17,8.0,400,379,0.47058823529411764,23.529411764705884,22.294117647058822,1.2352941176470615,0.05247889809822326,0.14166238119851762,0.08614660793378881,0.1465823359692584,0.22300796115141774,0.0680810052732965,0.16210279850380369,0.03653468328202785,0.08340332858966613,0.5008952609083928,0.20425280196361884,0.35181360950626483,0.1990534391631107,0.3404058807209621,Kyler Murray,0
ARI,2025,17,3.0,355,488,0.17647058823529413,20.88235294117647,28.705882352941178,-7.8235294117647065,0.050604038331574556,0.2337169353932179,0.07069150982619407,0.170788599346094,0.18786694955738803,0.04057904263629661,0.10778051847782283,0.017793510703703535,0.12017889572770847,0.2595416983308794,0.1850620672400225,0.32655022099710906,0.3605095234003829,0.30436337175882466,Jacoby Brissett,0
ATL,2013,16,4.0,353,443,0.25,22.0625,27.6875,-5.625,0.08751163097352947,0.17983857956228094,0.08054657821522583,0.14863352887427025,0.10415825346745725,0.060749040465066156,0.07250908118778503,0.035536249678937516,0.23051705757544752,0.6535812064902679,0.2901422388848182,0.4360250363084277,0.5171332455241983,0.39721010072421087,Matt Ryan,0
ATL,2014,16,6.0,381,417,0.375,23.8125,26.0625,-2.25,0.028077729291915925,0.20844761858932082,0.061680153739085544,0.22042083664299994,0.15980056476221474,0.05838841147891391,0.06550261543734887,0.04432153771567859,0.15336053234252173,0.5686104922340115,0.2228495942692989,0.5763448814298542,0.2989449001229382,0.3484719456104426,Matt Ryan,0
ATL,2015,16,8.0,339,345,0.5,21.1875,21.5625,-0.375,0.045764749221666325,0.20593454032860392,0.06317954878305992,0.12735467919692345,0.18231395495222416,0.020710480211487182,0.0673578563708547,0.0598596642038685,0.2275245267313119,0.4414809748941948,0.19383113044253586,0.38335469949243883,0.2659847755189353,0.4944171334356484,Matt Ryan,0
ATL,2016,16,11.0,540,406,0.6875,33.75,25.375,8.375,0.05137642543869495,0.19115773100060204,0.08209051966368625,0.16373500395803103,0.19920976799188322,0.021473668035798858,0.03556560920981914,0.05021144439184074,0.20517983030964387,0.39487659493759764,0.2593685662044392,0.3133392880768388,0.25631405228558696,0.6050593003779223,Matt Ryan,0
ATL,2017,16,10.0,353,315,0.625,22.0625,19.6875,2.375,0.09775512518276228,0.1854054754960592,0.05356684646034996,0.16330716426648634,0.1725555231475424,0.04146331875929188,0.04125387586549672,0.04192843488909981,0.20276423593291132,0.617943495632974,0.27150916844038514,0.4643811783229956,0.31980844167903905,0.43136063837898775,Matt Ryan,0
ATL,2018,16,7.0,414,423,0.4375,25.875,26.4375,-0.5625,0.1594101732288888,0.10801998080386717,0.051595733858134096,0.24208116229630924,0.1342570065307641,0.04615205152536816,0.05679402310885768,0.04015840681717651,0.1615314618306342,0.4865611985548755,0.21930873108691798,0.5374652774500278,0.2744511647310036,0.4789307258060284,Matt Ryan,0
ATL,2019,16,7.0,381,399,0.4375,23.8125,24.9375,-1.125,0.10260878256879803,0.16854313755119082,0.1272824553242881,0.22080991292007154,0.10894709320343303,0.06205882285352829,0.06163236522052443,0.023922020444018845,0.12419540991414688,0.8170639155007781,0.3936473899925529,0.6070246829693942,0.30183491591343603,0.5034534562025332,Matt Ryan,0
ATL,2020,16,4.0,396,414,0.25,24.75,25.875,-1.125,0.041091010367864035,0.19014853996283884,0.07607113595649898,0.21050682272769508,0.1257962816305726,0.062287460003799186,0.10393850579337287,0.015087266878697663,0.17507297667866073,0.3702313785094153,0.37938759570508873,0.7934726723629086,0.2990802674679261,0.6820841050070471,Matt Ryan,0
ATL,2021,17,7.0,313,459,0.4117647058823529,18.41176470588235,27.0,-8.588235294117649,0.05762265744060221,0.27581520448761165,0.06690605777987027,0.18320357578501656,0.19012971396063783,0.031097666149846867,0.032677211275634645,0.013986967447666133,0.14856094567311376,0.3645348486509893,0.4879868291106338,0.61131710064162,0.43249368250022413,0.26022051567422033,Matt Ryan,0
ATL,2022,17,7.0,365,386,0.4117647058823529,21.470588235294116,22.705882352941178,-1.2352941176470615,0.11808408339438005,0.20348117589053666,0.041377893363532765,0.2764105522071831,0.05304384633548118,0.05521049441823244,0.03759804193438423,0.04796392022650886,0.16682999222976078,0.2850417297529337,0.53464643274137,0.33495047404877576,0.5050223992344965,0.37726579146416284,Marcus Mariota,0
ATL,2023,17,7.0,321,373,0.4117647058823529,18.88235294117647,21.941176470588236,-3.0588235294117645,0.0730916731048551,0.2691304420878622,0.03861357131630014,0.25789884566052057,0.04260563208451422,0.06467726972070745,0.0680549329708529,0.04102011862028165,0.1449075144341058,0.31460007545987295,0.3871435384082242,0.5887262841428538,0.41600506515959246,0.31290534484242655,Desmond Ridder,1
ATL,2024,17,8.0,389,423,0.47058823529411764,22.88235294117647,24.88235294117647,-2.0,0.0717152375056169,0.22869230326762846,0.050954988912508443,0.22588938068045403,0.12341147254630887,0.03622098475058509,0.0817748706693687,0.03938583573329901,0.14195492593423054,0.4869393289586216,0.37287053636680917,0.698142718605528,0.4034118748724152,0.3087246739204749,Kirk Cousins,0
ATL,2025,17,8.0,353,401,0.47058823529411764,20.764705882352942,23.58823529411765,-2.8235294117647065,0.0739035573363285,0.18704486435711956,0.06898083996837909,0.21746804835181338,0.18231376052119386,0.03271012351322825,0.06515845554625035,0.020834522674461918,0.15158582773122514,0.48042577253665286,0.35697024745261924,0.4861156227724467,0.26249570723373045,0.2830998154568127,Michael Penix,1
BAL,2013,16,8.0,320,352,0.5,20.0,22.0,-2.0,0.11142063772914916,0.36675512892952083,0.04185417133599827,0.16154423880587904,0.07511289203623393,0.08565271468261733,0.0324964924362552,0.01256744507657619,0.11259627896777011,0.4918131153999975,0.3612557984052803,0.6564551422319476,0.4692938217751829,0.44284534096425143,Joe Flacco,0
BAL,2014,16,10.0,409,302,0.625,25.5625,18.875,6.6875,0.10638536057230999,0.33799633615283414,0.043001024688745476,0.16896471031670718,0.1490688594951596,0.022843071337177907,0.051572775459678186,0.015868097291701286,0.10429976468568629,0.674594379891259,0.39635046157134557,0.5507566172016757,0.47854636981236615,0.2935823719198737,Joe Flacco,0
BAL,2015,16,5.0,328,401,0.3125,20.5,25.0625,-4.5625,0.05936584769321423,0.18220113204526425,0.05603047782910277,0.17985151729763893,0.14714650150070324,0.031036301802294133,0.14740166560162307,0.04707635677386222,0.14989019945629717,0.5266101984501277,0.35150733494526254,0.6005799354845409,0.3717920143324373,0.3592046005071274,Joe Flacco,0
BAL,2016,16,8.0,343,321,0.5,21.4375,20.0625,1.375,0.09295846632530645,0.18085147779045657,0.033022260445334094,0.12909117000561596,0.1792111997804577,0.027111092657615056,0.1409582673971489,0.056185132904143495,0.16061093269392165,0.40881920828232443,0.3069617608875835,0.5408315489733753,0.2659445904082283,0.1933142459547499,Joe Flacco,0
BAL,2017,16,9.0,395,303,0.5625,24.6875,18.9375,5.75,0.10964711973483057,0.14110831137428936,0.03889700394768606,0.17029640961926662,0.19506290691216885,0.0424631641148149,0.0920506321801205,0.052874747067227154,0.15759970504959603,0.48347876541678986,0.3592634344881318,0.5243608364095635,0.3908482653789905,0.3702673297722564,Joe Flacco,0
BAL,2018,16,10.0,389,287,0.625,24.3125,17.9375,6.375,0.17055507873609516,0.13721933239666276,0.07023748381818114,0.13889073362151028,0.1761495602262844,0.02587225522712415,0.10528527619263338,0.06303153335152958,0.1127587464299792,0.49568571560424257,0.3235794536079249,0.7929747422354556,0.46572890713779574,0.28328997108175974,Joe Flacco,0
BAL,2019,16,14.0,531,282,0.875,33.1875,17.625,15.5625,0.24617545768187096,0.1638044593070424,0.03296517122167632,0.15664534064381483,0.026665747885618714,0.03583760577239178,0.15260177226216529,0.06294601900489938,0.12235842622052026,0.4099860155545852,0.5508202420880232,0.597820880115956,0.3709207708762035,0.29079282837364484,Lamar Jackson,1
BAL,2020,16,11.0,468,303,0.6875,29.25,18.9375,10.3125,0.21139436413730375,0.31794335315913186,0.03683690883492778,0.12339026640918298,0.034865608463209324,0.06508874325502242,0.035861490231021705,0.05083645928808256,0.12378280622211774,0.4146240558077345,0.3089035720596057,0.39656416804803185,0.6092833164106384,0.3225736602102995,Lamar Jackson,1
BAL,2021,17,8.0,387,392,0.47058823529411764,22.764705882352942,23.058823529411764,-0.2941176470588225,0.19209275286001795,0.2622600389124999,0.04901909141322095,0.16050811700079354,0.024589777193233846,0.06887131361512427,0.045519168675205626,0.04400193324647535,0.15313780708342856,0.31731198930722704,0.30256034007409843,0.34417241892414363,0.3818774253323535,0.23250654811438143,Lamar Jackson,1
BAL,2022,17,10.0,350,315,0.5882352941176471,20.58823529411765,18.529411764705884,2.0588235294117645,0.18083575107924754,0.1535492537058857,0.03754646210682429,0.2178727299091519,0.13575774415200542,0.05957774540635036,0.06622546373613206,0.0364045677217438,0.11223028218265887,0.4828176866397961,0.18342480300267872,0.4976093345023365,0.3155065649771981,0.48472500133884444,Lamar Jackson,0
BAL,2023,17,13.0,483,280,0.7647058823529411,28.41176470588235,16.470588235294116,11.941176470588236,0.10694443376294704,0.12975156215928452,0.07412599909871467,0.24016925473522435,0.12491040165770625,0.05458732636837556,0.06295855668344401,0.040506141394904126,0.16604632413939951,0.5655781556390019,0.21467511931083338,0.5894967400830273,0.47847383741263616,0.3993511426364546,Lamar Jackson,0
BAL,2024,17,12.0,518,361,0.7058823529411765,30.470588235294116,21.235294117647058,9.235294117647058,0.15074497080988924,0.13618485346631515,0.061843033724268824,0.15302664996003384,0.14859046263402922,0.06504661831573873,0.10953453946356424,0.029265615394769885,0.14576325623139083,0.6632106820583447,0.22782932656956195,0.6955844669019446,0.49027420430195073,0.5068906394559944,Lamar Jackson,0
BAL,2025,17,8.0,424,398,0.47058823529411764,24.941176470588236,23.41176470588235,1.529411764705884,0.08659183907493775,0.20274953028504042,0.08988839328027089,0.09603809503400537,0.201156345272008,0.06333627399606263,0.07846271994437995,0.01597441622551555,0.1658023868877794,0.6046518293874374,0.3550796924912876,0.7641430326999986,0.2640852440231376,0.47006793023379684,Lamar Jackson,0
BUF,2013,16,6.0,339,388,0.375,21.1875,24.25,-3.0625,0.07471980318873278,0.3129793736557067,0.05964086402338599,0.15606745212344733,0.042576028433385225,0.09211145626012485,0.11568826674465701,0.008174589440770812,0.1380421661297892,0.4495961447351702,0.4363795866133946,0.44322655636235103,0.3563116187969932,0.45081166046301946,EJ Manuel,1
BUF,2014,16,9.0,343,289,0.5625,21.4375,18.0625,3.375,0.08273646917324957,0.3080061355598719,0.09882589621303481,0.16597867893290144,0.052012639980550474,0.09810249249602253,0.08511705921436034,0.029954974579815108,0.07926565385019378,0.47780514176817984,0.5274182885994723,0.2841641608488062,0.3097571686008269,0.395128479669059,Kyle Orton,0
BUF,2015,16,8.0,379,359,0.5,23.6875,22.4375,1.25,0.09595743840144969,0.3440110872792384,0.05947501463939872,0.12299810540886519,0.03048622829876262,0.07718517109152556,0.08254942509130461,0.032015645065672824,0.15532188472378233,0.4170552799113324,0.46058042867929866,0.4256996820572665,0.44156985054022585,0.2629138968030354,Tyrod Taylor,0
BUF,2016,16,7.0,399,378,0.4375,24.9375,23.625,1.3125,0.1153901446593077,0.25870576217084723,0.028116554990783974,0.1465464875719069,0.07984571822521785,0.08435512012651586,0.10332739518179236,0.03267857371284272,0.15103424336078525,0.7286644236006004,0.3721978867571007,0.3373075356932088,0.3209921515348033,0.3014074370979005,Tyrod Taylor,0
BUF,2017,16,9.0,302,359,0.5625,18.875,22.4375,-3.5625,0.045829702661569945,0.1899408367974808,0.05591339580743043,0.28277818813742933,0.08682259374937987,0.10850240445898314,0.06071779518309393,0.033524466556678484,0.13597061664795404,0.31626164764025566,0.4346152000198966,0.4238501616211308,0.39668831188059706,0.522882864710217,Tyrod Taylor,0
BUF,2018,16,6.0,269,374,0.375,16.8125,23.375,-6.5625,0.06564457404103843,0.2896480875525699,0.07784419260151758,0.12061382800822125,0.04431303875039764,0.13143591865148296,0.11114447530439256,0.040297997988304884,0.11905788710207486,0.32438790381081867,0.31994968422042924,0.41209305381672,0.18469788376119953,0.6736019727855822,Josh Allen,1
BUF,2019,16,10.0,314,259,0.625,19.625,16.1875,3.4375,0.047595506702561734,0.2968738761016544,0.07035682286680603,0.19665168141843298,0.0423244616802334,0.04231415451784235,0.08053351612460681,0.04062976245275112,0.1827202181351112,0.3645300590374067,0.2749914221787653,0.3360055180170191,0.3590390780697136,0.2587593311202395,Josh Allen,1
BUF,2020,16,13.0,501,375,0.8125,31.3125,23.4375,7.875,0.10054613873165433,0.2552809901055023,0.08112729087681622,0.18618216468720825,0.04245713612829644,0.029490385042720328,0.08077630046652648,0.011544956034243678,0.212594637927032,0.5651674528919464,0.18934110302799895,0.35859724646323005,0.3027454047088851,0.3067557071671247,Josh Allen,1
BUF,2021,17,11.0,483,289,0.6470588235294118,28.41176470588235,17.0,11.411764705882351,0.07496096557942114,0.25485584910735354,0.1296222682156294,0.20361743479880542,0.07272712592842825,0.03110305625295251,0.07628932196677406,0.019208080220295194,0.1376158979303405,0.5083363564680592,0.20833669078749925,0.337843772724136,0.3140270637426186,0.30909327935195563,Josh Allen,1
BUF,2022,16,13.0,455,286,0.8125,28.4375,17.875,10.5625,0.14543531631290768,0.15741957057721653,0.13316846050968237,0.15811631829814948,0.11182500222235162,0.04717701757770959,0.10033460141602794,0.016712858009624416,0.12981085507633033,0.5387488094803278,0.21982013185536445,0.5278151441604452,0.27967007600803406,0.4997420621242149,Josh Allen,0
BUF,2023,17,11.0,451,311,0.6470588235294118,26.529411764705884,18.294117647058822,8.235294117647062,0.16407168803237257,0.1974245156790615,0.06400551203441762,0.16882671354783513,0.09209865233880042,0.03889109973232223,0.0855803188490816,0.02227364677911153,0.16682785300699746,0.45700301940428045,0.20076078438637088,0.5112920733784566,0.3131758923817133,0.41173298212333775,Josh Allen,0
BUF,2024,17,13.0,525,368,0.7647058823529411,30.88235294117647,21.647058823529413,9.235294117647058,0.11134390080822056,0.22625949180020363,0.0977448662618268,0.15136521122355517,0.18166031540659885,0.03418967377097408,0.030920840743764236,0.04232826563120314,0.12418743435365343,0.41801288919672097,0.36126690155711333,0.7010509507394039,0.41895835540843956,0.3428604284761558,Josh Allen,0
BUF,2025,17,12.0,481,365,0.7058823529411765,28.294117647058822,21.470588235294116,6.8235294117647065,0.07420090914692526,0.22962569736256228,0.079058286196445,0.1731914274401424,0.16726032993373263,0.03431029447128739,0.041568475071164575,0.033808398734573565,0.1669761816431669,0.3596979015639799,0.20682595577420715,0.6621106088413959,0.2963682243810569,0.3686418392494849,Josh Allen,0
CAR,2013,16,12.0,366,241,0.75,22.875,15.0625,7.8125,0.037331169380998015,0.18775333718658666,0.1419387358034495,0.18331142583194782,0.07625066952798322,0.123811258826059,0.07171033464012799,0.005749273654690733,0.17214379514815703,0.3390398883510826,0.5356159150976461,0.5525871579326407,0.40171693819384047,0.3843316732878659,Cam Newton,1
CAR,2014,16,7.5,339,374,0.46875,21.1875,23.375,-2.1875,0.017483414474772998,0.3336696100237228,0.08629705596710333,0.13463690352326163,0.08943920288409722,0.15027392307149504,0.0452374224664814,0.023934063280645665,0.11902840430841986,0.3626202980771031,0.40211158246911227,0.4066556558577318,0.5534363121994718,0.670356492144797,Cam Newton,1
CAR,2015,16,15.0,500,308,0.9375,31.25,19.25,12.0,0.03331475700401617,0.238948995232547,0.14490039975729127,0.15371018325352573,0.12788234976329085,0.10113192995170318,0.04272187183622453,0.03132757022035242,0.1260619429810489,0.4198362750483651,0.6944351463825583,0.43758727077505627,0.6360161351281121,0.41421839487347534,Cam Newton,0
CAR,2016,16,6.0,369,402,0.375,23.0625,25.125,-2.0625,0.015242140184932645,0.1211347525636886,0.15049181793676528,0.20154809673722762,0.18341599138176679,0.09803476218912305,0.04782375898569822,0.0633693617916028,0.11893931822919496,0.38843275652456266,0.20740487113280492,0.40971890387847015,0.48251071015509445,0.3525188613143106,Cam Newton,0
CAR,2017,16,11.0,363,327,0.6875,22.6875,20.4375,2.25,0.04062945385668279,0.21249407956110647,0.1673048947140162,0.14180788836486585,0.13964470996410264,0.07210557161107338,0.047480776236223425,0.03431069120400052,0.14422193448792867,0.3783504826995458,0.28936662160649634,0.4543827880797014,0.3503099607920812,0.5158807493470591,Cam Newton,0
CAR,2018,16,7.0,376,382,0.4375,23.5,23.875,-0.375,0.059553762710877686,0.24712955401684233,0.1077547231539201,0.19304720935402145,0.13236415941967164,0.043918533545410594,0.050727000628521576,0.0351558309086968,0.13034922626203785,0.3934052589715632,0.40931064214651935,0.44175927345271643,0.30815381260494035,0.36290042067234174,Cam Newton,0
CAR,2019,16,5.0,340,470,0.3125,21.25,29.375,-8.125,0.04431542522331495,0.294466878707266,0.13417491858752228,0.13621869965597985,0.14693498038978306,0.04172858411779471,0.05171678952885036,0.04067047713350983,0.1097732466559788,0.5164679193913181,0.21817601222134597,0.4691835048869691,0.24871413685848,0.36555723817048547,Kyle Allen,0
CAR,2020,16,5.0,350,402,0.3125,21.875,25.125,-3.25,0.03257204188224252,0.2475316376329487,0.08018105311448455,0.23724131557645325,0.10288229648366759,0.08478335524086184,0.061360959750218304,0.023575036432828333,0.12987230388629498,0.2657253392509967,0.5185345601659268,0.5921572717077453,0.36656287273884913,0.40620921246950575,Teddy Bridgewater,0
CAR,2021,17,5.0,304,404,0.29411764705882354,17.88235294117647,23.764705882352942,-5.882352941176471,0.15446626838478197,0.19767735797175487,0.08114943221568789,0.1636408471645823,0.09008764338477522,0.06732852431903012,0.06405692109895487,0.021505317165888733,0.16008768829454395,0.30924386619061106,0.2099233733884078,0.7671050786676452,0.2662534651727437,0.4261901872888735,Sam Darnold,1
CAR,2022,17,7.0,347,374,0.4117647058823529,20.41176470588235,22.0,-1.5882352941176485,0.11183833222746747,0.1380120237291505,0.15563345684449506,0.22225191670617137,0.13660080806648517,0.031076131970351178,0.04541473574078958,0.038098216508437394,0.1210743782066521,0.364224161859524,0.3116221720819528,0.5710015074637321,0.23958754986394765,0.33689918978226113,Phillip Walker,0
CAR,2023,17,2.0,236,416,0.11764705882352941,13.882352941176471,24.470588235294116,-10.588235294117645,0.12146085526566978,0.2320176434970068,0.1359720581726685,0.19295165119983843,0.05277467206112254,0.03372918418351915,0.07959879778808124,0.028349334514869883,0.1231458033172238,0.3884296801122464,0.4032012344827204,0.6042767754790196,0.40961861206133243,0.18297413227665676,Bryce Young,1
CAR,2024,17,5.0,341,534,0.29411764705882354,20.058823529411764,31.41176470588235,-11.352941176470587,0.06823288833259945,0.14973442435844925,0.05825701511405147,0.3309800667802754,0.07778890467088347,0.07562561841319461,0.08021830334781971,0.03436642653599793,0.12479635244672865,0.5260881329649869,0.2364333558965105,0.31951502567708606,0.3769561248486794,0.42464199601006947,Andy Dalton,0
CAR,2025,17,8.0,311,380,0.47058823529411764,18.294117647058822,22.352941176470587,-4.0588235294117645,0.06671779152409485,0.25627653397140504,0.034205247344691825,0.3804391283788624,0.05953608985191597,0.05086958579205157,0.04107324860060347,0.0157934176399914,0.09508895689638346,0.4776896934146423,0.3305919522989312,0.3169011629638878,0.2694303608912562,0.23155854391130773,Bryce Young,1
CHI,2013,16,8.0,445,478,0.5,27.8125,29.875,-2.0625,0.12490580733296329,0.2750991722513883,0.10127800329470167,0.08939992808459124,0.1042944623562938,0.10035009326639406,0.016226462099471563,0.025110645457904136,0.163335425856292,0.5923731951129212,0.483568824071763,0.6773012349311578,0.3119163853039483,0.5266118186301332,Jay Cutler,0
CHI,2014,16,5.0,319,442,0.3125,19.9375,27.625,-7.6875,0.09746188417718683,0.1741584362783472,0.09151583505974706,0.15073685554049485,0.175192284902988,0.08782881262641089,0.033788249993935184,0.010851071808912705,0.1784665696119773,0.5080790373557129,0.27295609501211726,0.6699214542861058,0.4567832659140005,0.495474350495226,Jay Cutler,0
CHI,2015,16,6.0,335,397,0.375,20.9375,24.8125,-3.875,0.05597593029319115,0.23927555429350109,0.009593725996398695,0.1617685329869487,0.1613520840319332,0.11300209046715345,0.07960714249957306,0.005188098271738288,0.1742368411595624,0.5184399588635175,0.28259038273370335,0.5142347229434392,0.4813714913624315,0.3400514546429654,Jay Cutler,0
CHI,2016,16,3.0,279,399,0.1875,17.4375,24.9375,-7.5,0.0694476968335455,0.25809397314944293,0.08660451885389049,0.1906506281915686,0.1514556006303444,0.0165508727787905,0.026247016447806505,0.004789167536722434,0.19616052557788854,0.4259628411762795,0.22738374602322864,0.5606503119820331,0.30537719953045883,0.4351758760669934,Matt Barkley,1
CHI,2017,16,5.0,264,320,0.3125,16.5,20.0,-3.5,0.1165400766091947,0.20634999628524156,0.08057414572676334,0.20866833313219912,0.13940908610259728,0.019656739285935636,0.04758895143048337,0.015786491670751593,0.16542617975683335,0.3935231265389917,0.3174995059707687,0.5474175152060579,0.25117763062257203,0.21122337590237103,Mitch Trubisky,1
CHI,2018,16,12.0,421,283,0.75,26.3125,17.6875,8.625,0.11147849556694531,0.25181613111070594,0.07596756383441983,0.15557085196299766,0.06381220835950761,0.02149988720265943,0.02519471359434223,0.035779769207513364,0.25888037916090867,0.4050778616360965,0.3299619668621588,0.5666908322659335,0.34244669849232867,0.2747331274379585,Mitch Trubisky,1
CHI,2019,16,8.0,280,298,0.5,17.5,18.625,-1.125,0.1791038127641815,0.2215626724766435,0.09457941972564304,0.11740406996326712,0.08306973966250657,0.010595568997495431,0.03358741737595656,0.017464492971844766,0.24263280606246157,0.4949768920037968,0.3174306533392384,0.47803895298846205,0.281905384397876,0.3653761831581115,Mitch Trubisky,1
CHI,2020,16,8.0,372,370,0.5,23.25,23.125,0.125,0.11882063714826958,0.29257802531781946,0.06203105467997237,0.15958059687322243,0.08735907645807865,0.0278154872126929,0.0411386889334401,0.022079350467961348,0.18859708290854318,0.5188784446929947,0.4874157945695614,0.4433047864253965,0.3460324324440546,0.4263987805904526,Mitch Trubisky,1
CHI,2021,17,6.0,311,407,0.35294117647058826,18.294117647058822,23.941176470588236,-5.647058823529413,0.03987785669796967,0.3412467419839764,0.09139501231397863,0.1150692669175911,0.09277226669757649,0.04184635680479528,0.05428777480428776,0.02225661097217207,0.20124811280765262,0.2255763437715624,0.26260715146368613,0.40497121731612534,0.2765031161369452,0.5466557286875258,Justin Fields,1
CHI,2022,17,3.0,326,463,0.17647058823529413,19.176470588235293,27.235294117647058,-8.058823529411764,0.055450486508758765,0.1554328581888383,0.06113509187575863,0.24473765609835424,0.06162128929500075,0.05225501167327231,0.17486830137761994,0.04420355782415417,0.15029574715824295,0.2834211394673284,0.26363439731973226,0.4371371943427453,0.4477044283027383,0.24449182152630466,Justin Fields,1
CHI,2023,17,7.0,360,379,0.4117647058823529,21.176470588235293,22.294117647058822,-1.117647058823529,0.048782228745416614,0.20386282788051138,0.11851844514088122,0.19331041875377714,0.0344725941034428,0.04183937690499685,0.10853471890852089,0.03695293761605822,0.21372645194639486,0.3819969675429209,0.2681259291950305,0.6488410142267476,0.381891692645007,0.4939878990235331,Justin Fields,1
CHI,2024,17,5.0,310,370,0.29411764705882354,18.235294117647058,21.764705882352942,-3.529411764705884,0.09141451029569585,0.22190681500470208,0.15262561884289844,0.10698959025693042,0.03712973122604485,0.043111050311295515,0.0560438410701817,0.032953103727195246,0.2578257392650558,0.6340585011637413,0.504022204765999,0.6554629414617767,0.19859555429164572,0.39947244043956703,Caleb Williams,1
CHI,2025,17,11.0,441,415,0.6470588235294118,25.941176470588236,24.41176470588235,1.529411764705884,0.10105831410784635,0.20030241269205235,0.1053098174996812,0.20490846337055219,0.047114125885096454,0.050456651707417574,0.06093256217566496,0.0237628931454334,0.20615475941625558,0.47123241193515536,0.4623283311720482,0.611269678019766,0.26573552458426536,0.44588562797269393,Caleb Williams,1
CIN,2013,16,11.0,430,305,0.6875,26.875,19.0625,7.8125,0.134614855566682,0.33467481574807884,0.06873896847937129,0.18917287848331826,0.02488194691676095,0.040028455181707244,0.04875322283816303,0.04887307412240667,0.11026178266351172,0.5388148075545941,0.2883219620527533,0.32974599006893013,0.30810456037199313,0.42049469992336397,Andy Dalton,1
CIN,2014,16,10.5,365,344,0.65625,22.8125,21.5,1.3125,0.14336663475951267,0.25611970267823303,0.10822034518274656,0.15138593280549412,0.09054957979891441,0.019861057840685457,0.04755341443268323,0.03712093261570505,0.1458223998860255,0.5028194008531169,0.29116581563212324,0.403907494425281,0.33934935890611717,0.3559554840431568,Andy Dalton,1
CIN,2015,16,12.0,419,279,0.75,26.1875,17.4375,8.75,0.1231374776043117,0.18984112458240565,0.1509000508186253,0.1829937671912113,0.07500657667880029,0.02121803974020892,0.05947874317049176,0.04117063197725916,0.15625358823668603,0.5711263504014841,0.34729891739981467,0.34877939893260823,0.2882354653163262,0.6915335245841575,Andy Dalton,0
CIN,2016,16,6.5,325,315,0.40625,20.3125,19.6875,0.625,0.1332457022401656,0.20519058507281923,0.10149254969975562,0.1715451713151217,0.09454687664605102,0.042441607413186595,0.07281771260454627,0.027235088907744134,0.15148470610060974,0.3800997055141346,0.3116111272308557,0.29530955890136185,0.31332438139303553,0.5715756485207226,Andy Dalton,0
CIN,2017,16,7.0,290,349,0.4375,18.125,21.8125,-3.6875,0.14438472218126666,0.1686267792496194,0.11046360064864998,0.10883722184173239,0.10591220520264555,0.04772360527101959,0.06915912095434448,0.031506813878112196,0.21338593077260962,0.4097904833369447,0.39633011771266224,0.4828987478293745,0.28530313472546975,0.39888319795828536,Andy Dalton,0
CIN,2018,16,6.0,368,455,0.375,23.0,28.4375,-5.4375,0.13087010334097268,0.22774709839024151,0.1059590696123,0.1540441391880257,0.0989944371757264,0.03550508837414043,0.03869193490147347,0.027197613351579508,0.18099051566554036,0.420865905953695,0.3816392883443292,0.419538173070258,0.4203744628455114,0.4372963610232251,Andy Dalton,0
CIN,2019,16,2.0,279,420,0.125,17.4375,26.25,-8.8125,0.13827285046295285,0.18728201874233122,0.027000242060928388,0.19204098217087998,0.1021307528630515,0.04553857111740561,0.04153495713024254,0.033483509309995496,0.23271611614221252,0.4652442946421824,0.45786421459681775,0.48375881526340286,0.26985366874697114,0.3830105929837335,Andy Dalton,0
CIN,2020,16,4.5,311,424,0.28125,19.4375,26.5,-7.0625,0.15378028131823604,0.18639709034646199,0.033216431782941154,0.15181534953240042,0.0439177924446452,0.057421038355503,0.07323584614362086,0.03751009732236124,0.2627060727538302,0.3623134583870312,0.42445761863911774,0.26838122009121945,0.2513969504632401,0.38114238708431436,Joe Burrow,1
CIN,2021,17,10.0,460,376,0.5882352941176471,27.058823529411764,22.11764705882353,4.9411764705882355,0.19461266019828205,0.25779549517266886,0.03441980360531683,0.13165189224280296,0.05795398758980533,0.06516051929581194,0.06979957201087254,0.0188510906652413,0.1697549792191981,0.47616190092641975,0.3074108418460354,0.19119211886217177,0.29127081021752704,0.33905367949486304,Joe Burrow,1
CIN,2022,16,12.0,418,322,0.75,26.125,20.125,6.0,0.11459186766961962,0.25625123227889834,0.04088695441788756,0.15670116913811238,0.057934054095189806,0.07941291269447501,0.12682000055897477,0.015960968858178187,0.1514408402886643,0.32580453916353436,0.2890431327234691,0.35049813574198974,0.22021387171220688,0.34095063180008733,Joe Burrow,1
CIN,2023,17,9.0,366,384,0.5294117647058824,21.529411764705884,22.58823529411765,-1.0588235294117645,0.10328058718401267,0.28794878439230126,0.06263169932647246,0.21546311567368898,0.0976890834322353,0.054590831292259466,0.02041419313625691,0.012667209669150229,0.14531449589362272,0.37092811531988673,0.25600585624910915,0.41014545419409737,0.2765675570017935,0.33511514816774657,Joe Burrow,1
CIN,2024,17,9.0,472,434,0.5294117647058824,27.764705882352942,25.529411764705884,2.235294117647058,0.07282103263438877,0.2557296884034263,0.0846844063628182,0.18762396396975473,0.12368729083850737,0.027365106330000197,0.04306263573414321,0.017580371898752684,0.1874455038282085,0.41488599823798755,0.3198028242671106,0.4333855934104702,0.3544311742772969,0.47198634683865637,Joe Burrow,0
CIN,2025,17,6.0,414,492,0.35294117647058826,24.352941176470587,28.941176470588236,-4.5882352941176485,0.05340978582950987,0.2306719272242356,0.027024432446788104,0.14901196689571147,0.1945216632702684,0.016644714199020194,0.04202464043720294,0.024861787586018712,0.26182908211124467,0.2939675171139113,0.42470671021828427,0.33490722925703464,0.39964249003760866,0.3629875776171269,Joe Burrow,0
CLE,2013,16,4.0,308,406,0.25,19.25,25.375,-6.125,0.11788777193559227,0.3581233078545029,0.08186982219954735,0.2583871767386478,0.0450749100530413,0.02103672890460236,0.025162545246007972,0.003222133684409522,0.0892356033836486,0.8573460901147963,0.25469903410982264,0.8695652173913043,0.49077217016999786,0.3344895866769299,Jason Campbell,0
CLE,2014,16,7.0,299,337,0.4375,18.6875,21.0625,-2.375,0.1601798058290898,0.24668820213578205,0.10101693306770011,0.280029953889813,0.02562420324674844,0.012844747861119036,0.05488300254942628,0.0,0.11873315142032125,0.6970630676259336,0.30602709541510575,0.5012598482750236,0.4043849930559207,0.44972849580550633,Brian Hoyer,0
CLE,2015,16,3.0,278,432,0.1875,17.375,27.0,-9.625,0.18270544182990747,0.22374559211701137,0.07206807164665184,0.20423053915073086,0.06058872360200472,0.015305740252953497,0.09057150667203762,0.015973201922762102,0.13481118280594054,0.4989677764051188,0.28556007332486194,0.5946451876500195,0.38915051418610047,0.2889895946984512,Josh McCown,0
CLE,2016,16,1.0,264,452,0.0625,16.5,28.25,-11.75,0.24783485434193514,0.13150208649213793,0.07200590787549577,0.22674716254111607,0.12003037352785662,0.029031003115377426,0.02688896810534557,0.02373312458520484,0.12222651941553064,0.5887867065670721,0.22026846680212178,0.48394658439574734,0.45624416727851413,0.22830425754252673,Cody Kessler,1
CLE,2017,16,0.0,234,410,0.0,14.625,25.625,-11.0,0.06523972165015385,0.13412432083952758,0.1925942010081406,0.37899144903780785,0.020125883567385372,0.045879228488292616,0.03959555038837473,0.046466123421768764,0.07698352159854863,0.45716222446902527,0.3754477771553699,0.5721544713044436,0.2943593326794631,0.31335192250796046,DeShone Kizer,1
CLE,2018,16,7.5,359,392,0.46875,22.4375,24.5,-2.0625,0.12973452573463962,0.10158557812697024,0.1370137666768829,0.22136178456115135,0.15507927129271687,0.03585847928696918,0.02617644598948717,0.02333913733162945,0.16985101099955321,0.25933410776349036,0.43169249352480865,0.574206487153357,0.35541000815092727,0.5789941519349386,Baker Mayfield,1
CLE,2019,16,6.0,335,393,0.375,20.9375,24.5625,-3.625,0.16980552133396773,0.19467922772121637,0.07892750751123617,0.20133217631849945,0.06483496639732347,0.01866218758170793,0.030436402674056433,0.01021611342970455,0.23110589703228787,0.2928034945026782,0.4364964787547448,0.5695792053022545,0.24167060805332513,0.40327988000857895,Baker Mayfield,1
CLE,2020,16,11.0,408,419,0.6875,25.5,26.1875,-0.6875,0.10382048189929022,0.24045696491653343,0.037457691822896017,0.22155106137920721,0.06516992075632633,0.0444202824721232,0.04765731491992984,0.013703718692189148,0.22576256314150464,0.4229866746536575,0.3102792508853516,0.3484158945709717,0.24579134377343256,0.3518346277623492,Baker Mayfield,1
CLE,2021,17,8.0,349,371,0.47058823529411764,20.529411764705884,21.823529411764707,-1.2941176470588225,0.1010663567163811,0.13085165916000213,0.048276617744989814,0.275351018074206,0.10281318000493554,0.07715282028873667,0.053979150877557995,0.01288208015663525,0.1976271169765556,0.5354486586934283,0.40926146002942265,0.21608757350489388,0.27036753513155753,0.4263007727491397,Baker Mayfield,1
CLE,2022,17,7.0,361,381,0.4117647058823529,21.235294117647058,22.41176470588235,-1.1764705882352935,0.08204277680397871,0.18836947207056456,0.06493634009868665,0.24983223917182695,0.09874883702082463,0.09584230434571255,0.07803809996039453,0.0246557070150777,0.11753422351293367,0.4055602756811077,0.45470349947252287,0.18513272599934014,0.30683563399661584,0.27527917136921193,Jacoby Brissett,0
CLE,2023,17,11.0,396,362,0.6470588235294118,23.294117647058822,21.294117647058822,2.0,0.10438076358033115,0.18166703604952,0.04980775581383169,0.17926044653819587,0.10815004189406481,0.09118291012032151,0.04605344329100999,0.029017521657717166,0.21048008105500776,0.5938846467886345,0.45366785093400275,0.1799609927589421,0.220408608946164,0.57326138761468,Deshaun Watson,0
CLE,2024,17,3.0,258,435,0.17647058823529413,15.176470588235293,25.58823529411765,-10.411764705882355,0.10139716103221928,0.19413766155372508,0.050043248231959055,0.250208964921571,0.1504023973316719,0.05018686049620372,0.05273128673608369,0.029717375277291905,0.1211750444192743,0.5828010710638228,0.504286785029618,0.36976536927562975,0.23541936880798317,0.3863619247834049,Jameis Winston,0
CLE,2025,17,5.0,279,379,0.29411764705882354,16.41176470588235,22.294117647058822,-5.882352941176471,0.10603766967413573,0.2103800511139159,0.05399346024577303,0.23771732341634666,0.1746298917851881,0.02771390273194062,0.04275572480225882,0.019220003673640063,0.1275519725568011,0.6323636498647817,0.472630505736882,0.2806671268433634,0.2735911027653468,0.40875313190967016,Shedeur Sanders,1
DAL,2013,16,8.0,439,432,0.5,27.4375,27.0,0.4375,0.1323502414356762,0.2447770262272552,0.06785108525181376,0.20171023062381724,0.1467786115530372,0.019316914670691628,0.030765916200955448,0.010462198473067093,0.14598777556368628,0.43593500876725333,0.4611422600353398,0.4586670540550864,0.34332576296515505,0.3166351462393101,Tony Romo,0
DAL,2014,16,12.0,467,352,0.75,29.1875,22.0,7.1875,0.20999226499042709,0.1003262589634352,0.09810049020307753,0.2070631398440074,0.1281709019571104,0.023322109405822106,0.0427310240009801,0.028088980782142395,0.16220482985299786,0.6041294226506649,0.26646587031246605,0.39165101650375045,0.3269742196875591,0.5385229222742799,Tony Romo,0
DAL,2015,16,4.0,275,374,0.25,17.1875,23.375,-6.1875,0.1975484966871352,0.15811263652999766,0.10553792368662367,0.1397222449464642,0.13794741617181894,0.016992967459282915,0.04328701615420804,0.03807672704454264,0.1627745713199268,0.5305527590433129,0.459884817022469,0.42560389287776484,0.2972325987537466,0.35442889024820806,Matt Cassel,0
DAL,2016,16,13.0,421,306,0.8125,26.3125,19.125,7.1875,0.1386377902302681,0.10106583937330421,0.1075023874605603,0.14403557786902954,0.15765930200109735,0.05827866345795995,0.05642297018920425,0.03991912816192536,0.1964783412566509,0.49693674029829144,0.290231275629173,0.38889550290021957,0.3183453234042051,0.4461573071729568,Dak Prescott,1
DAL,2017,16,9.0,354,332,0.5625,22.125,20.75,1.375,0.08144151347351092,0.16638536867544754,0.10192298963581167,0.17826787825565527,0.014195925968392592,0.06435620514400733,0.02246183935362402,0.05084151035543187,0.32012676913811877,0.49170296946986736,0.46714853527043654,0.5378739126289406,0.371556843394604,0.3988014281126059,Dak Prescott,1
DAL,2018,16,10.0,339,324,0.625,21.1875,20.25,0.9375,0.03977375737258834,0.25221799138159173,0.12916344257664666,0.30420443329452374,0.012806162386494657,0.06587221367046309,0.033256545824311985,0.020440205625085382,0.1422652478682945,0.4850229248992245,0.47906895130456795,0.6016255184825089,0.4065136155068413,0.2167536876986114,Dak Prescott,1
DAL,2019,16,8.0,434,321,0.5,27.125,20.0625,7.0625,0.0692202990904918,0.23731924001309374,0.08791461880351736,0.31154310822550146,0.017090370633090764,0.05272902107938301,0.03312078507414893,0.01853427679350532,0.17252828028726755,0.5328244884978448,0.2753070212740152,0.4025513149987306,0.29369721987477526,0.4750408735075054,Dak Prescott,1
DAL,2020,16,6.0,395,473,0.375,24.6875,29.5625,-4.875,0.05762498148808125,0.16692885770909544,0.11066285445806014,0.16643614302446205,0.21311658110324805,0.07412927414167149,0.03127893326110613,0.03247130721190951,0.14735106760236585,0.3364125954531923,0.35375571002808825,0.4188656303744473,0.25087078144205616,0.4857665935237112,Andy Dalton,0
DAL,2021,17,12.0,530,358,0.7058823529411765,31.176470588235293,21.058823529411764,10.117647058823529,0.08442257723274804,0.23597502963112232,0.04434174610787985,0.18332832204185734,0.10613034051053101,0.05469381364039986,0.03184653409447727,0.027501660359472022,0.23175997638151233,0.3777519475740737,0.5875859908594183,0.4715168665388692,0.30101697753905093,0.5264798043064995,Dak Prescott,0
DAL,2022,17,12.0,467,342,0.7058823529411765,27.470588235294116,20.11764705882353,7.352941176470587,0.10295418925015404,0.17322764283973097,0.04323058886143975,0.22486986824977528,0.11679717782172466,0.11471187794318405,0.05119420731436984,0.02548230186125468,0.14753214585836671,0.34577664679851783,0.4426262482297321,0.2533758210801842,0.4263410734432839,0.4057883361857804,Dak Prescott,0
DAL,2023,17,12.0,509,315,0.7058823529411765,29.941176470588236,18.529411764705884,11.411764705882351,0.14241341707223987,0.21299929936644302,0.02698444394385695,0.17510716568651652,0.14735531471004934,0.06402984382039896,0.08443125502368996,0.023115411924896002,0.12356384845190935,0.379997052081157,0.39591379020026135,0.5774905858567853,0.3307217386945307,0.27721847675906,Dak Prescott,0
DAL,2024,17,7.0,350,468,0.4117647058823529,20.58823529411765,27.529411764705884,-6.9411764705882355,0.09616336086182488,0.19829109637870507,0.039215693347577595,0.1666622730816994,0.25087774714556205,0.018037476251383813,0.06824360768985271,0.0278495064407709,0.1346592388026236,0.7229449064597855,0.4893823537507944,0.3559799356006563,0.44142690706605153,0.3524749433493459,Dak Prescott,0
DAL,2025,17,7.5,471,511,0.4411764705882353,27.705882352941178,30.058823529411764,-2.352941176470587,0.04447779667231714,0.17109988249900857,0.0693946614058024,0.18394753809782285,0.22597604121450998,0.0331843549310923,0.0949755958876169,0.020771871893966024,0.15617225739786386,0.5702334499063143,0.21240425618804104,0.4708084628762819,0.42923299036689866,0.4276751143109206,Dak Prescott,0
DEN,2013,16,13.0,606,399,0.8125,37.875,24.9375,12.9375,0.14499152976443724,0.14025493619589008,0.06905246083971937,0.22894398327676246,0.1670422290843283,0.0452551999285289,0.04189686152804816,0.004295878925388118,0.15826692045689741,0.6617169011360479,0.3131557588162321,0.4200592916921449,0.49118795170530904,0.2340261239696718,Peyton Manning,0
DEN,2014,16,12.0,482,354,0.75,30.125,22.125,8.0,0.12041792115952546,0.219494157924837,0.030457295702064305,0.21602178631744837,0.15952989024768874,0.019656588317439053,0.047023118247010255,0.004892607784080804,0.18250663429990596,0.5666950366795251,0.3771412880863634,0.2302026429934469,0.340919019364676,0.358811304434896,Peyton Manning,0
DEN,2015,16,12.0,355,296,0.75,22.1875,18.5,3.6875,0.09845497595137943,0.22617571038186415,0.024566597504865662,0.18769386824307463,0.14706123174109711,0.011815069446686515,0.07401576322634025,0.0065173249547940595,0.22369945854989812,0.5459211007994204,0.33262083908090934,0.4922873769923596,0.4355805178805803,0.45511554004423715,Peyton Manning,0
DEN,2016,16,9.0,333,297,0.5625,20.8125,18.5625,2.25,0.17209617741185274,0.28571751118454963,0.049933304528392036,0.10523170813821489,0.0174481042283091,0.05836472238045632,0.08863441043102886,0.009890673071226269,0.2126833886259702,0.4469780962685562,0.3105830443155552,0.7035972005701718,0.38130586405888656,0.5514762038380857,Trevor Siemian,1
DEN,2017,16,5.0,289,382,0.3125,18.0625,23.875,-5.8125,0.16003303002953398,0.2736549247072817,0.061897774024587085,0.1562808810166822,0.025850476648888062,0.04398330331202728,0.057858413096546886,0.023734355640028716,0.1967068415244241,0.46770655461205835,0.48183842560258117,0.4793052502351525,0.35330816035541573,0.4033120275090539,Trevor Siemian,1
DEN,2018,16,6.0,329,349,0.375,20.5625,21.8125,-1.25,0.14945301104383268,0.2686752208822174,0.08588757960932117,0.1791070796558878,0.10160813604150692,0.01704487156578927,0.055970245908250844,0.02909319894681543,0.11316065634637844,0.44874262956416194,0.25929883860366226,0.5272669711608318,0.3177448786975345,0.6252957827708444,Case Keenum,0
DEN,2019,16,7.0,282,316,0.4375,17.625,19.75,-2.125,0.13190155009380664,0.34887276360949826,0.05621551840256796,0.17792026793505974,0.047010483025091344,0.04092602090510607,0.07581078684560831,0.037751193015641615,0.08359141616762007,0.6123227935892637,0.48810638694929603,0.6028222449606773,0.35474505268264017,0.2736450394924521,Joe Flacco,0
DEN,2020,16,5.0,323,446,0.3125,20.1875,27.875,-7.6875,0.11714825195790535,0.34925248452678337,0.021829732027239583,0.14273428532624807,0.022913526601519973,0.052503451159447,0.15728287935976087,0.037110060458820954,0.09922532858227483,0.5153674060136451,0.4268105800321638,0.2474243507114713,0.3060803505725447,0.16775916690962145,Drew Lock,1
DEN,2021,17,7.0,335,322,0.4117647058823529,19.705882352941178,18.941176470588236,0.764705882352942,0.19113950564107965,0.16021234811801446,0.06280249742821742,0.18367414439196345,0.046743875986267995,0.08485992759362211,0.08691338304306971,0.03884307084588066,0.1448112469518845,0.32789348991104594,0.3654406092760696,0.3565822727188429,0.42811528475684285,0.1895119888758353,Teddy Bridgewater,0
DEN,2022,17,5.0,287,359,0.29411764705882354,16.88235294117647,21.11764705882353,-4.235294117647058,0.12981021756596084,0.13875018402241934,0.039731020888250736,0.24486885918742898,0.10279446723652824,0.0398497639177896,0.1321664094422129,0.035585736290320524,0.13644334144908896,0.5615778201195447,0.22943819926412612,0.5365532250068142,0.48752512582617225,0.221859756385905,Russell Wilson,0
DEN,2023,17,8.0,357,413,0.47058823529411764,21.0,24.294117647058822,-3.2941176470588225,0.07262723078885551,0.14752003752023535,0.07091401679159633,0.1985625317838514,0.12711908718844295,0.04137186101111174,0.1131432051010309,0.020253723082293798,0.20848830673258198,0.39512977687174805,0.4419404253176238,0.5110535865167359,0.45502633464911785,0.44047980155042465,Russell Wilson,0
DEN,2024,17,10.0,425,311,0.5882352941176471,25.0,18.294117647058822,6.7058823529411775,0.10695623284651791,0.22987673183481444,0.0812901103905874,0.272198331934182,0.07957055101198963,0.03328463983551095,0.05319927641976488,0.035686082567993806,0.107938043158639,0.5487078361688301,0.342909868664779,0.5475014112471677,0.4637665545429267,0.43997839973136865,Bo Nix,1
DEN,2025,17,14.0,401,311,0.8235294117647058,23.58823529411765,18.294117647058822,5.294117647058826,0.06691781854901445,0.24275777668258727,0.07441774510314801,0.28744234330351875,0.0397473003844944,0.030490203674478515,0.08869442069680668,0.03469011484937745,0.1348422767565744,0.5288727894760253,0.2503815030303216,0.41496569573036135,0.3497335699508328,0.4358692824886066,Bo Nix,1
DET,2013,16,7.0,395,376,0.4375,24.6875,23.5,1.1875,0.04656206405070459,0.22548906930409865,0.09234862034814341,0.11761404919271222,0.2156747229654601,0.05079164292487516,0.04870680432971663,0.01724860388234564,0.18556442300194362,0.5056270798035616,0.47630835219916906,0.5320415364827532,0.2980822303130394,0.4839362190487401,Matthew Stafford,0
DET,2014,16,11.0,321,282,0.6875,20.0625,17.625,2.4375,0.026838957812543623,0.33104701797693464,0.09698982817476115,0.09596652556250447,0.1407059991995056,0.05756197932498778,0.03924114212820599,0.010406862959125253,0.20124168686143146,0.3983695571127242,0.6021528660931583,0.4630963133040051,0.34986727286848346,0.5771183066010613,Matthew Stafford,0
DET,2015,16,7.0,358,400,0.4375,22.375,25.0,-2.625,0.041137028618395355,0.1925172743128457,0.11668521525026221,0.0813568985318818,0.15324891928208514,0.04902894686722574,0.06476232326580167,0.023976066238779577,0.2772873276327228,0.3394552255424077,0.3794121842911215,0.42714390522354273,0.3168756901948627,0.6371077551645536,Matthew Stafford,0
DET,2016,16,9.0,346,358,0.5625,21.625,22.375,-0.75,0.06634984595197167,0.12110868771793319,0.1111846851878377,0.13671982013815942,0.19368096863289033,0.03769902054233736,0.10156816461355048,0.04504648826428378,0.18664231895103608,0.5761786251033113,0.40540829631067077,0.570984664172944,0.489835250863327,0.3157422213143885,Matthew Stafford,0
DET,2017,16,9.0,410,376,0.5625,25.625,23.5,2.125,0.11941216066594221,0.19659767287549942,0.08024387371513146,0.15324156229480287,0.1136106607202477,0.03701292866419856,0.0734541585562489,0.06514446961861516,0.1612825128893138,0.5961280433644677,0.4316706307662513,0.4152638707060989,0.25659102986463,0.35536708428084113,Matthew Stafford,0
DET,2018,16,6.0,324,360,0.375,20.25,22.5,-2.25,0.08592842558444465,0.17231538778949101,0.08731795765534543,0.17563565208334406,0.18297381148152433,0.058506978313115306,0.09207342444278366,0.0454446930185426,0.09980366963140895,0.4733353385717289,0.6604994875667511,0.3295585893679637,0.41088306137731934,0.4262865608976383,Matthew Stafford,0
DET,2019,16,3.5,341,423,0.21875,21.3125,26.4375,-5.125,0.14666682071460063,0.15323762075414846,0.09352203948775555,0.16833962764339214,0.1981240448816091,0.018719628611114293,0.03113114944905298,0.040127335757486886,0.15013173270084,0.674125290771563,0.3234319623664894,0.39487035564494755,0.4386297295711336,0.3800654203645269,Matthew Stafford,0
DET,2020,16,5.0,377,519,0.3125,23.5625,32.4375,-8.875,0.16058274790903268,0.20143128508407415,0.09268280385811249,0.13202419364924686,0.13697054947842394,0.03460556094599495,0.04791266369437937,0.031787875165407986,0.16200232021532754,0.3239071765044787,0.4787209003098831,0.3936524533054097,0.3643449501048135,0.3270032019056038,Matthew Stafford,0
DET,2021,17,3.5,325,467,0.20588235294117646,19.11764705882353,27.470588235294116,-8.352941176470587,0.08901910610540556,0.3060822901249832,0.0489718954725717,0.23725428050638764,0.10839853005172712,0.04698824019303765,0.05002702731765782,0.021123271270458086,0.09213535895777124,0.6608010934786541,0.5041329621747189,0.2735384487338655,0.305807596581189,0.46758599957219416,Jared Goff,0
DET,2022,17,9.0,453,427,0.5294117647058824,26.647058823529413,25.11764705882353,1.529411764705884,0.10023465417159667,0.2275440737677808,0.04589756038731155,0.23262243854600295,0.17870254569553792,0.05933343271020382,0.04950375829154965,0.015343831695840929,0.09081770473417566,0.5059843163915162,0.3534389561684994,0.27189727745026576,0.34333875721145507,0.24571258477466576,Jared Goff,0
DET,2023,17,12.0,461,395,0.7058823529411765,27.11764705882353,23.235294117647058,3.882352941176471,0.06063832366638702,0.16334838598006032,0.05152108370247116,0.2999362477482997,0.1897723796644435,0.040909843497670274,0.0775727382245013,0.017801587086070308,0.09849941043009651,0.36782671948698237,0.25809524851291255,0.26985847585253936,0.33509542729818964,0.2109321826139043,Jared Goff,0
DET,2024,17,15.0,564,342,0.8823529411764706,33.1764705882353,20.11764705882353,13.058823529411768,0.09004123351082371,0.19963888069733374,0.10554924643895858,0.2452700012051985,0.14801269805524636,0.05809965542652123,0.016897680493665072,0.034726593370127457,0.10176401080212528,0.258118978569187,0.25033815517975705,0.3618850646168987,0.2677799674601315,0.24516666723811367,Jared Goff,0
DET,2025,17,9.0,481,413,0.5294117647058824,28.294117647058822,24.294117647058822,4.0,0.08549191132678181,0.215534095733537,0.0795065879313522,0.20353452730582844,0.13941795380655192,0.06482310867892911,0.03438847668645107,0.02396720271745651,0.15333613581311206,0.3043434470148045,0.2709248237918808,0.3809449008454114,0.4613656871764068,0.368800603698219,Jared Goff,0
GB,2013,16,8.5,417,428,0.53125,26.0625,26.75,-0.6875,0.12867969985262895,0.2553196796766164,0.08287697246326706,0.14194991837573492,0.12018019067691342,0.04106328908828147,0.04589319731542593,0.0102051110964412,0.17383194145469066,0.61004847445178,0.24271336322264603,0.5794619517482033,0.36108819881789483,0.46487258081637145,Aaron Rodgers,0
GB,2014,16,12.0,486,348,0.75,30.375,21.75,8.625,0.1634759107894492,0.2533246196088009,0.08531988714672403,0.1518658572299671,0.16440808619169464,0.02741168056041348,0.06458171409654954,0.010577392924454315,0.07903485145194679,0.4957089864734062,0.3737683574981872,0.5098904245477647,0.3594816947989178,0.6394795575384278,Aaron Rodgers,0
GB,2015,16,10.0,368,323,0.625,23.0,20.1875,2.8125,0.10344519702434471,0.34899321988862225,0.009955366956447423,0.14802853787326048,0.15735462442813009,0.035715410464248705,0.0845156724897595,0.010495055610910882,0.10149691526427594,0.6861477353111953,0.28501431748103895,0.4796848066978577,0.3703672153903874,0.4128391589440022,Aaron Rodgers,0
GB,2016,16,10.0,432,388,0.625,27.0,24.25,2.75,0.11228271635236282,0.3147297934250364,0.008805996535609543,0.13591516019818004,0.13582023763507245,0.035474570794482276,0.0745026494275559,0.020464799807598136,0.1620040758241025,0.7290454122387283,0.2980238956643267,0.4951347859127631,0.31023775818745364,0.38528437692484285,Aaron Rodgers,0
GB,2017,16,7.0,320,384,0.4375,20.0,24.0,-4.0,0.05880600178822347,0.2592662188005265,0.016256545350792406,0.18108120265515296,0.1333962495124184,0.019455039888004778,0.07437642116231405,0.03337754817041497,0.2239847726721524,0.3019597837018932,0.36874327960786557,0.28445440519311305,0.27492169547186457,0.36011288723230744,Brett Hundley,1
GB,2018,16,6.5,376,400,0.40625,23.5,25.0,-1.5,0.06489234516177561,0.26654195124540825,0.028476806086176573,0.20452157762982826,0.1365494665016841,0.010932666522020601,0.01693414403512624,0.038874687177001266,0.23227635564097915,0.34320907925298255,0.2645994977901532,0.4390976244654036,0.3350073517098654,0.33875769128113675,Aaron Rodgers,0
GB,2019,16,13.0,376,313,0.8125,23.5,19.5625,3.9375,0.08194060776961076,0.16040696350250344,0.027302946887959582,0.2651881087080553,0.17412822726192073,0.017354380288239796,0.048429555128098885,0.035125272283891895,0.19012393816971954,0.4506726581033913,0.2618152812659899,0.4499665418155171,0.3101805064876328,0.38592749441659363,Aaron Rodgers,0
GB,2020,16,13.0,509,369,0.8125,31.8125,23.0625,8.75,0.04943638559647074,0.26358654844983603,0.04239452586668914,0.24346085673314444,0.12701736861710736,0.03637852344103782,0.0757374290580119,0.028898846058188276,0.13308951617951423,0.3426258735929574,0.3372800310962413,0.5698443823373163,0.3440547932446221,0.6379789508380972,Aaron Rodgers,0
GB,2021,17,13.0,450,371,0.7647058823529411,26.470588235294116,21.823529411764707,4.6470588235294095,0.06689946271219055,0.26665953837147915,0.021402894010039048,0.1497557287725191,0.1784567124597484,0.03848388315722421,0.06581955691959658,0.02749857843555983,0.1850236451616431,0.33446189389698905,0.3199415194171567,0.32500055893552504,0.427333218926238,0.5294673036948129,Aaron Rodgers,0
GB,2022,17,8.0,370,371,0.47058823529411764,21.764705882352942,21.823529411764707,-0.0588235294117645,0.08653197935072401,0.2267722531325952,0.05303724692547685,0.17070189728764354,0.17560146916408062,0.042687262048594375,0.08387347520000904,0.04012438282352609,0.12067003406735023,0.4470874583564507,0.27631107095617674,0.4372065137253026,0.4411589733511295,0.20502199217672326,Aaron Rodgers,0
GB,2023,17,9.0,383,350,0.5294117647058824,22.529411764705884,20.58823529411765,1.9411764705882355,0.12365890795440003,0.27966994154249397,0.07622809160006874,0.26529936149515254,0.03591577672041402,0.07524030696337024,0.04450029556722231,0.017240641284604497,0.0822466768722738,0.5693406516719612,0.3037371865802344,0.4773417987897469,0.529380104025847,0.16808728684794869,Jordan Love,1
GB,2024,17,11.0,460,338,0.6470588235294118,27.058823529411764,19.88235294117647,7.1764705882352935,0.19021266643152326,0.2889101589750623,0.04674203649428717,0.15094803825489847,0.11717324075618443,0.05089160923482927,0.06583791651835479,0.012983185272947294,0.07630114806191295,0.6656451429705836,0.49178956711475447,0.43523417019101224,0.5164121914883187,0.17800494586884769,Jordan Love,0
GB,2025,17,9.5,391,360,0.5588235294117647,23.0,21.176470588235293,1.8235294117647065,0.06678513306038963,0.2441520243374209,0.05350505663756852,0.20977035228900084,0.13611156181023232,0.06598289541337124,0.09907316136935883,0.029431764997276445,0.09518805008538136,0.4470800204482767,0.4606556534000047,0.3592290493834723,0.3661607164683383,0.16399747028863723,Jordan Love,0
HOU,2013,16,2.0,276,428,0.125,17.25,26.75,-9.5,0.14968141675725766,0.16716898146662834,0.05772863735003102,0.1565571668032564,0.10565056565076945,0.09530205398988568,0.061618123888237016,0.016022130141510334,0.19027092395242404,0.6754413604025414,0.49173236943587206,0.6916526107434214,0.3157132070411622,0.5066943152836902,Matt Schaub,0
HOU,2014,16,9.0,372,307,0.5625,23.25,19.1875,4.0625,0.15551686089980232,0.15259446585980926,0.07495152459663688,0.21175024398169173,0.04473138633538314,0.08860462951503133,0.022756821413707107,0.025578659987527817,0.22351540741041045,0.6858567557987817,0.2842919193807019,0.7452214748257134,0.38058650619348566,0.6636130321548491,Ryan Fitzpatrick,0
HOU,2015,16,9.0,339,313,0.5625,21.1875,19.5625,1.625,0.18024034153362434,0.2396981468411184,0.09719465302592856,0.18117064426985166,0.053011097087944395,0.08779117047776172,0.03972614889094448,0.025197875996494302,0.0959699218763321,0.5435547155360752,0.48591246910739033,0.6903606268911999,0.43721311341114866,0.340734421633103,Brian Hoyer,0
HOU,2016,16,9.0,279,328,0.5625,17.4375,20.5,-3.0625,0.1406309743389977,0.2608449801099308,0.10073485844164268,0.2180068547348191,0.10165063943546562,0.05983030083425042,0.03757454813107434,0.021232690376248,0.05949415359757135,0.42315472567913515,0.39205943902296847,0.6334541803109908,0.30734054088958845,0.2876762963130686,Brock Osweiler,0
HOU,2017,16,4.0,338,436,0.25,21.125,27.25,-6.125,0.14658210188807733,0.22035672204199497,0.07132682617868093,0.14008450685532137,0.026379535554362277,0.07165923960386231,0.0725105679748135,0.023380248215798014,0.22772025168708931,0.4193218759875577,0.4365542501763758,0.5829567220769106,0.31438928117888243,0.5407685727416949,Tom Savage,1
HOU,2018,16,11.0,402,316,0.6875,25.125,19.75,5.375,0.20057926993755254,0.2513948748716121,0.06735569967131615,0.13780968136056715,0.028397694986953204,0.0554324193373606,0.07500141065418835,0.012644700784670906,0.17138424839577893,0.28323575704150056,0.35630145232137933,0.721686620526782,0.3206342622077373,0.5156425508380278,Deshaun Watson,1
HOU,2019,16,10.0,378,385,0.625,23.625,24.0625,-0.4375,0.11802207941660975,0.23079414104097326,0.08767466383956979,0.15955372399921328,0.04684674363382187,0.07932589785182151,0.06639781044231462,0.0277722177942687,0.1836127219814072,0.5051085954978894,0.37904411209336175,0.5115575166624514,0.29119423040826886,0.45596612953313786,Deshaun Watson,1
HOU,2020,16,4.0,384,464,0.25,24.0,29.0,-5.0,0.08243533339021984,0.21340290194858416,0.09461016317978024,0.20066786673794984,0.07695846600812532,0.09116689188806851,0.041704248753347384,0.04263731958410657,0.15641680850981815,0.5202891695512569,0.38994083465451995,0.42026954109375003,0.3772320802120611,0.2745831647364099,Deshaun Watson,1
HOU,2021,17,4.0,280,452,0.23529411764705882,16.470588235294116,26.58823529411765,-10.117647058823533,0.09200083714836102,0.11593366586962073,0.09357612840163589,0.20618267214806388,0.16143292798814304,0.05860061135965278,0.09648733994681104,0.05313663003386605,0.12264918710384566,0.28572475185616864,0.3011263895366542,0.21318431197027243,0.31845450550547094,0.3253012360511342,Davis Mills,1
HOU,2022,17,3.5,289,420,0.20588235294117646,17.0,24.705882352941178,-7.7058823529411775,0.12538607477551067,0.1620893626919102,0.1012534226259844,0.2788778437854574,0.02874828774117319,0.04617201856476332,0.0709331074532445,0.03908828208845558,0.14745160027350068,0.37464896907360534,0.1785581384546007,0.2945027960831717,0.47336304569710075,0.49293250096034874,Davis Mills,1
HOU,2023,17,10.0,377,353,0.5882352941176471,22.176470588235293,20.764705882352942,1.4117647058823515,0.09832458873561607,0.1765315265625953,0.047981466105065644,0.33093816050783104,0.06076936418913141,0.03577635108383922,0.08294790009066792,0.042262554569152566,0.12446808815610086,0.4494167208274686,0.23741006576948825,0.25745582835599967,0.45046407585090886,0.24789701078122128,C.J. Stroud,1
HOU,2024,17,10.0,372,372,0.5882352941176471,21.88235294117647,21.88235294117647,0.0,0.08777512080543173,0.1922000400163722,0.06495428605410579,0.24622363158096616,0.07156424903754782,0.0437334040672505,0.07414223266287846,0.03680446460572611,0.18260257116972115,0.5074372012205486,0.3358882579692431,0.2865609515506684,0.49567585019412697,0.2508495789685158,C.J. Stroud,1
HOU,2025,17,12.0,404,295,0.7058823529411765,23.764705882352942,17.352941176470587,6.411764705882355,0.11522553362738676,0.2861237809464785,0.08506490868592792,0.11579029014859608,0.06985173432593325,0.07500847094797886,0.047974659748060984,0.040319995422451745,0.16464062614718594,0.4910087940250337,0.3320962310316538,0.29897809385862595,0.4705031137713507,0.2482121814403553,C.J. Stroud,1
IND,2013,16,11.0,391,336,0.6875,24.4375,21.0,3.4375,0.08673454582319176,0.25897132092251235,0.03219043085584207,0.1414233693273977,0.0829733934911745,0.06921128942039206,0.12814794569904733,0.06133641339530713,0.13901129106513516,0.48054262433736394,0.3992627121904897,0.36527843927951853,0.2652438893758873,0.5650627486088903,Andrew Luck,1
IND,2014,16,11.0,458,369,0.6875,28.625,23.0625,5.5625,0.13243756617626737,0.29703420367795363,0.055675550320751256,0.1407568643795242,0.09074220888016649,0.035924981176203644,0.0634668070175035,0.04825008494102694,0.13571173343060303,0.43788852535188894,0.2512850838062822,0.7916328903300127,0.2570927099384461,0.4216265089154843,Andrew Luck,1
IND,2015,16,8.0,333,408,0.5,20.8125,25.5,-4.6875,0.1429786561009719,0.3028575062036255,0.08266983935249729,0.10598346753469842,0.08411091082252696,0.042353857893088154,0.058147737368922155,0.05077912397935791,0.1301189007443118,0.6062909721334118,0.26639890537803845,0.5359453913589758,0.4943910247671727,0.44414079689636776,Matt Hasselbeck,0
IND,2016,16,8.0,411,392,0.5,25.6875,24.5,1.1875,0.10321711100072381,0.21378597799953197,0.045859125432692355,0.15121255687171586,0.14812814188907386,0.04132204232650744,0.056744526639104516,0.05475442877463742,0.18497608906601276,0.6039731263329325,0.1773547840789285,0.7232566108070319,0.48241712639870205,0.4426511439373151,Andrew Luck,0
IND,2017,16,4.0,263,404,0.25,16.4375,25.25,-8.8125,0.0342293565943138,0.28107595532980256,0.023960899784485318,0.15304513540014641,0.17220344355202238,0.0521717864551616,0.05888755073522812,0.029250739164778022,0.19517513298406186,0.23834022915340544,0.2906900208690519,0.2175811613711981,0.650811111481147,0.39869430803672434,Jacoby Brissett,1
IND,2018,16,10.0,433,344,0.625,27.0625,21.5,5.5625,0.03673282946561764,0.1805515273453657,0.02940100058326203,0.19248224993161267,0.19411888221614698,0.02291309347484889,0.04812563002834083,0.03632935776155372,0.2593454291932516,0.3595301372542252,0.31348136647948766,0.3382465879724553,0.4234330018820029,0.37828262018329833,Andrew Luck,0
IND,2019,16,7.0,361,373,0.4375,22.5625,23.3125,-0.75,0.12681046959921347,0.2195700170661792,0.028344744538192503,0.16979539623665454,0.06874712633935744,0.016948070354475927,0.05313967693190295,0.04993129679796106,0.2667132021360629,0.41372236167985804,0.3716863366615898,0.338768506024696,0.37936561417713677,0.3278448320026913,Jacoby Brissett,1
IND,2020,16,11.0,451,362,0.6875,28.1875,22.625,5.5625,0.06225261013160165,0.2275764893683478,0.03710948887603148,0.23643940047476544,0.21894673130239226,0.026166578602535653,0.03456781768531023,0.016470034521635146,0.14047084903738033,0.44214824971823835,0.47747012155860724,0.2754717047302425,0.33419143208656077,0.4811762379939629,Philip Rivers,0
IND,2021,17,9.0,451,365,0.5294117647058824,26.529411764705884,21.470588235294116,5.058823529411768,0.09794982218707961,0.2273452020939052,0.07315047862950563,0.2411328959700837,0.12188706802319778,0.037592062782840455,0.03133406157584748,0.022820357208118057,0.14678805152942215,0.3589496330000343,0.4117365254378091,0.618878086380258,0.1803959970721958,0.2419498048309086,Carson Wentz,0
IND,2022,17,4.5,289,427,0.2647058823529412,17.0,25.11764705882353,-8.117647058823529,0.11495851244379966,0.26832081106444017,0.10865374353888668,0.22234384180644454,0.11634457010312216,0.020047182328081118,0.027736591564199532,0.026380969713850375,0.09521377743717575,0.3648482626213411,0.3130201269593984,0.5394603975628912,0.2730877811361623,0.34843672375313545,Matt Ryan,0
IND,2023,17,9.0,396,415,0.5294117647058824,23.294117647058822,24.41176470588235,-1.117647058823529,0.08632016530590857,0.2626394563418861,0.05786244979467381,0.2913923396874428,0.06195320087049179,0.04456294945822259,0.035035269919750915,0.042412465514223695,0.11782170310739973,0.5484210621368573,0.3764358080056047,0.30111928216332806,0.37371219515140686,0.25830393646443106,Gardner Minshew,0
IND,2024,17,8.0,377,427,0.47058823529411764,22.176470588235293,25.11764705882353,-2.9411764705882355,0.05433863177093159,0.21033451730756325,0.07716391844561174,0.2889646691133674,0.0596187544402431,0.05602365477968748,0.03446400500467254,0.041830742800730625,0.17726110633719236,0.5447326734174441,0.21260680842109525,0.47550908090258664,0.37035238073753174,0.43123936276238517,Joe Flacco,0
IND,2025,17,8.0,466,412,0.47058823529411764,27.41176470588235,24.235294117647058,3.1764705882352935,0.08074130076474599,0.306330708709442,0.04515880604077666,0.17926356217969547,0.09332965500949662,0.0709068547173778,0.050212820761038904,0.018976119618020103,0.15508017219940648,0.41577275517701606,0.3229352826160235,0.6176510844553034,0.4722402475318338,0.5515640570068792,Daniel Jones,0
JAX,2013,16,4.0,247,449,0.25,15.4375,28.0625,-12.625,0.039284047929613417,0.17213891549501134,0.17233128164474593,0.1678522127979504,0.1086904943231934,0.11735378082815982,0.034265314820732425,0.014080084994224196,0.17400386716636898,0.2535570911135034,0.3271429813005072,0.6422222764543255,0.45724657276453395,0.43026845009821346,Chad Henne,0
JAX,2014,16,3.0,249,412,0.1875,15.5625,25.75,-10.1875,0.03601576617018565,0.30372182036776235,0.1420323166118798,0.13998571490448078,0.0999306771269843,0.06539817233199453,0.022199866863077972,0.013313229630071956,0.17740243599356267,0.3809302521086898,0.19037692415687943,0.7031760091741523,0.5632551279873362,0.48890218702837607,Blake Bortles,1
JAX,2015,16,5.0,376,448,0.3125,23.5,28.0,-4.5,0.06995972087830993,0.28278475811010856,0.11104247916680317,0.18978781142543835,0.06744799639701086,0.04268813832907527,0.04425004162474423,0.02025935648030184,0.17177969758820785,0.7647577959115578,0.2619661250439412,0.5266020867750876,0.34696070661323586,0.4935418846476657,Blake Bortles,1
JAX,2016,16,3.0,318,400,0.1875,19.875,25.0,-5.125,0.11747271526491196,0.28105513601480536,0.07787372828156833,0.15751324930864685,0.07538152029974049,0.03824434361021968,0.04889974975021821,0.02324406638136229,0.1803154910885268,0.3543900689979745,0.24687423885586235,0.4603484868194786,0.29716261011342504,0.3463835446894735,Blake Bortles,1
JAX,2017,16,10.0,417,268,0.625,26.0625,16.75,9.3125,0.0857980113460598,0.2796953481288612,0.08178651200951047,0.1480745719425389,0.062395956873938195,0.08929789642567144,0.09886521002795166,0.02403296588648316,0.13005352735898512,0.3971247303071803,0.3433111590501462,0.4671005145805394,0.4631737170660368,0.33343974824727396,Blake Bortles,1
JAX,2018,16,5.0,245,316,0.3125,15.3125,19.75,-4.4375,0.1515821163480714,0.2879259048489853,0.0671960574795083,0.15712018176389506,0.060473068237215044,0.07425191304508122,0.06294042892594222,0.014554486357638683,0.12395584299366287,0.5732867602566549,0.34075755115812584,0.4847726228850981,0.3356392365898275,0.4342025903350574,Blake Bortles,0
JAX,2019,16,6.0,300,397,0.375,18.75,24.8125,-6.0625,0.15563299231939542,0.22606201761046105,0.08104709060159199,0.20630015939097684,0.08449578115554236,0.05990218997874131,0.040874213417564274,0.02061256927822164,0.12507298624750507,0.6373614577462898,0.41214581787253574,0.3500686738261231,0.4983459275731438,0.4744107070877904,Gardner Minshew,1
JAX,2020,16,1.0,306,492,0.0625,19.125,30.75,-11.625,0.11696801191693487,0.14667462650506113,0.1846239190989804,0.2600580607165828,0.016948745521158753,0.03331503086839566,0.04599842825806484,0.04364542114214714,0.15176775597267433,0.5006406021895665,0.26916566512904017,0.637117119502486,0.352449944177803,0.1884772033425438,Gardner Minshew II,1
JAX,2021,17,3.0,253,457,0.17647058823529413,14.882352941176471,26.88235294117647,-12.0,0.09000781847494599,0.17773999710585708,0.11004012661721976,0.3286359061521574,0.05711013117493316,0.04127450894289133,0.04295813368019476,0.019184751400376072,0.1330486264514244,0.4213008386056426,0.22273288186368695,0.7047341838363212,0.2913240833016745,0.2296669658693541,Trevor Lawrence,1
JAX,2022,17,9.0,404,350,0.5294117647058824,23.764705882352942,20.58823529411765,3.1764705882352935,0.14374250129398478,0.24279752244157754,0.05954137460124383,0.1424822219584971,0.05687918023110559,0.026293065065222145,0.07445442881932011,0.023859550089020798,0.22995015550002812,0.5644786460784259,0.1890272101298499,0.5626380819485823,0.3174103715108533,0.1960317813776595,Trevor Lawrence,1
JAX,2023,17,9.0,377,371,0.5294117647058824,22.176470588235293,21.823529411764707,0.352941176470587,0.09572338976629106,0.23940569467456865,0.080221483751695,0.20223169110149392,0.058626511793562486,0.028811812721896958,0.05375577323772284,0.02736375350328999,0.21385988944947906,0.6247001127108931,0.21764705588495797,0.5266018850090791,0.43909382001778746,0.25644042040570514,Trevor Lawrence,1
JAX,2024,17,4.0,320,435,0.23529411764705882,18.823529411764707,25.58823529411765,-6.764705882352942,0.06603915931963222,0.19797830100366345,0.12157879910569853,0.15265923000978948,0.09343229866409632,0.03723069817124039,0.06326893606419819,0.026002754038605542,0.24180982362307588,0.46570249634815425,0.2824630330622093,0.6497487785859806,0.38001611331399116,0.5026992174241942,Trevor Lawrence,1
JAX,2025,17,13.0,474,336,0.7647058823529411,27.88235294117647,19.764705882352942,8.117647058823529,0.07169184474766278,0.27351384222369973,0.0891989762415964,0.17932800494965448,0.09320835943024862,0.04143639767096304,0.05210542144367203,0.02514418189358181,0.17437297139892113,0.39437714577897226,0.2730688420188584,0.5712299382449556,0.18171072210924194,0.23635375947672138,Trevor Lawrence,0
KC,2013,16,11.0,430,305,0.6875,26.875,19.0625,7.8125,0.1173557689809066,0.2742998866126797,0.04553324388273884,0.18298108652185516,0.09229408875178788,0.05317891307671037,0.10144912472049676,0.029782764804733488,0.10312512264809125,0.503936892441084,0.5051876225405446,0.6887730000983961,0.4812775539112395,0.34756190968238837,Alex Smith,0
KC,2014,16,9.0,353,281,0.5625,22.0625,17.5625,4.5,0.06740505196626399,0.2589887947674907,0.06274161974377665,0.08380658713290401,0.07407220162086199,0.10908575546968521,0.11481509480781847,0.03324916918638495,0.19583572530481394,0.7464016624896299,0.3873282278571375,0.6345310397244321,0.5265424845233441,0.513153620231809,Alex Smith,0
KC,2015,16,11.0,405,287,0.6875,25.3125,17.9375,7.375,0.09580667845450672,0.20938092079587883,0.0695061371043351,0.14176870323277208,0.18574773544882062,0.09139380605291092,0.11215382214503886,0.032865082023114944,0.06137711474262196,0.6319073111134261,0.21066102579775572,0.6532618171329796,0.36920398113751074,0.47909713299820955,Alex Smith,0
KC,2016,16,12.0,389,311,0.75,24.3125,19.4375,4.875,0.03844624378123873,0.2810337655102697,0.05402507407354708,0.10730215185549984,0.14763181010096113,0.07260468742195715,0.11422582025170572,0.03257122235742573,0.15215922464739493,0.41468800516004545,0.3411825726546335,0.47418380773391083,0.46757363260362506,0.5964821407474653,Alex Smith,0
KC,2017,16,10.0,415,339,0.625,25.9375,21.1875,4.75,0.04501149335242905,0.3488589432509952,0.043348655496058056,0.1680234789781133,0.13978408836227804,0.03974763424823572,0.0926393757470445,0.03960401554646903,0.08298231501837712,0.37154752669678365,0.417595659544727,0.5322381190765699,0.37105803820063166,0.4304265770140578,Alex Smith,0
KC,2018,16,12.0,565,421,0.75,35.3125,26.3125,9.0,0.035327060198087526,0.2896522894645294,0.041745152059524365,0.22724887809238953,0.041893996168651505,0.03785650246721752,0.13606024773896172,0.01999930647461697,0.17021656733602153,0.3766454141272378,0.4610521186967489,0.5590571687201924,0.39795340693046555,0.37917392573417885,Patrick Mahomes,1
KC,2019,16,12.0,451,308,0.75,28.1875,19.25,8.9375,0.06277568643262797,0.14800803045749514,0.08099816933564591,0.2059156400908708,0.06271576459865175,0.045628758251008664,0.09644903616962243,0.036628275979833556,0.2608806386842437,0.34460273597196206,0.2965137329423062,0.43585236760257573,0.270607136768939,0.4969081443555427,Patrick Mahomes,1
KC,2020,16,14.0,473,362,0.875,29.5625,22.625,6.9375,0.038177377803569966,0.22727100693424612,0.1069295536469183,0.1820821041313254,0.03600275846412063,0.025320353906894785,0.11516416392026056,0.02397120813349671,0.24508147305916758,0.35959239606869736,0.4216779706950852,0.5894094008674917,0.4128254546675293,0.3594270627263843,Patrick Mahomes,1
KC,2021,17,12.0,480,364,0.7058823529411765,28.235294117647058,21.41176470588235,6.8235294117647065,0.05368589226417842,0.2849642891702559,0.09470123640012228,0.1103440543612058,0.05542591134035491,0.03724354056353387,0.13990176784371086,0.03539269590862889,0.18834061214800898,0.37358704280022476,0.5366002778424726,0.6656171474200808,0.2417047597844101,0.49879330443507347,Patrick Mahomes,0
KC,2022,17,14.0,496,369,0.8235294117647058,29.176470588235293,21.705882352941178,7.470588235294116,0.027380136218466796,0.2963062392224383,0.028635261909659017,0.1692906590773991,0.20460569244287158,0.03894724545498012,0.057573426860764845,0.025930651519104495,0.15133068729431565,0.4896643778600059,0.5231664378587851,0.2440155443465868,0.5186759611622463,0.2940554785506694,Patrick Mahomes,0
KC,2023,17,11.0,371,294,0.6470588235294118,21.823529411764707,17.294117647058822,4.529411764705884,0.04485739178522375,0.2193417080036486,0.0437677431205105,0.1508934311184668,0.18666794443731652,0.029090487350902694,0.09049373134572554,0.04403619722858689,0.19085136560961877,0.3439800117749588,0.5930264000761315,0.3325769793762363,0.43105438144532116,0.3763124333467873,Patrick Mahomes,0
KC,2024,17,15.0,385,326,0.8823529411764706,22.647058823529413,19.176470588235293,3.4705882352941195,0.0344625681456445,0.15791403110595273,0.04402072820367375,0.27025532681295167,0.16940541685791952,0.018281641078100767,0.08164545998112185,0.023761079344293827,0.20025374847034141,0.46989859357911207,0.2947910554858036,0.3390085817977663,0.42350901712296646,0.41432170477256236,Patrick Mahomes,0
KC,2025,17,6.0,362,328,0.35294117647058826,21.294117647058822,19.294117647058822,2.0,0.0823429184988822,0.20265949570965103,0.08833122104804163,0.2742297038512951,0.11191458927533898,0.018775716657359172,0.026290302289762573,0.02908811499334716,0.16636793767632224,0.3246197207500589,0.4446805773679858,0.36745808492086035,0.38142316745669885,0.4545078142298793,Patrick Mahomes,0
LA,2013,16,7.0,348,364,0.4375,21.75,22.75,-1.0,0.16683850790396562,0.21616603860231076,0.14397375345320684,0.18392083554808406,0.12541858968209826,0.017441849738787266,0.027846367538739553,0.01116553650451704,0.10722852102829054,0.8594432675482989,0.37809497268120107,0.8233047292482724,0.33783502839893226,0.3565922723066965,Kellen Clemens,0
LA,2014,16,6.0,324,354,0.375,20.25,22.125,-1.875,0.027074963803151473,0.2686470092611104,0.10771567699900075,0.22400301404367187,0.16998090047522751,0.018932443696683895,0.035886277302030735,0.017805273309031835,0.12995444111009144,0.42872794375677664,0.40954396168700363,0.7640842098395361,0.35219298195515464,0.40025552342826415,Shaun Hill,0
LA,2015,16,7.0,280,330,0.4375,17.5,20.625,-3.125,0.029268779184376818,0.37167149391383864,0.08202459610997918,0.14630282006147585,0.04175964984833581,0.026314030018283602,0.06494114336549993,0.031585760198742825,0.20613172729946735,0.46747090463237456,0.3605107506381347,0.41706853211583794,0.4512494193924137,0.3222342723672859,Nick Foles,1
LA,2016,16,4.0,224,394,0.25,14.0,24.625,-10.625,0.1171295045716192,0.26179522802431304,0.07801002649647894,0.14872745172041354,0.07466167165213522,0.039485334293764815,0.04880637108399068,0.037286129543540054,0.19409828261374448,0.9407710074226644,0.33659990554279184,0.6074556678853578,0.3082523855524029,0.3178428874078032,Case Keenum,0
LA,2017,16,11.0,478,329,0.6875,29.875,20.5625,9.3125,0.14989904987444289,0.23501827737743858,0.12210935769413667,0.13743614978754445,0.05248796717914326,0.047889822614221006,0.035155011770740846,0.02720973547039373,0.1927946282319385,0.7559434987500049,0.316782768031124,0.6096972570440957,0.4514201391342631,0.5257796429893654,Jared Goff,1
LA,2018,16,13.0,527,384,0.8125,32.9375,24.0,8.9375,0.12968988412347915,0.2780872632994509,0.0683579241463293,0.17391338936086018,0.054920332871792314,0.05661617728126239,0.08505420039703335,0.047437377446101214,0.10592345107369108,0.5312995059445894,0.32661771275337204,0.7483568830572843,0.33043527558574115,0.323778379347589,Jared Goff,1
LA,2019,16,9.0,394,364,0.5625,24.625,22.75,1.875,0.07005784814251724,0.28755189823722554,0.036227090554966146,0.18875707766347008,0.0698124337222341,0.07195219113482654,0.05815481560470677,0.03567290848022765,0.18181373645982601,0.5124106277521426,0.35302263352160795,0.5069285420751509,0.5236843682814125,0.49798805840366356,Jared Goff,1
LA,2020,16,10.0,372,296,0.625,23.25,18.5,4.75,0.07778672698884813,0.28653846486385687,0.018207080132953062,0.14322093952832654,0.1856684977954845,0.02882498914548947,0.038827151151862846,0.03858951960215887,0.18233663079101972,0.4978094538212513,0.5446580612726376,0.25715076269201875,0.2905822191647158,0.31241063130125823,Jared Goff,0
LA,2021,17,12.0,460,372,0.7058823529411765,27.058823529411764,21.88235294117647,5.1764705882352935,0.12751237702982185,0.25426881484530295,0.021313296467982475,0.14396639617670973,0.15621219033320194,0.04737330163986569,0.031795290542621396,0.044195380086367655,0.17336295287812628,0.5523227906490498,0.4109619590915239,0.290924848047976,0.2857854102664386,0.246051006981022,Matthew Stafford,0
LA,2022,17,5.0,307,384,0.29411764705882354,18.058823529411764,22.58823529411765,-4.529411764705884,0.17775364212414257,0.30034092260797257,0.03269303826027711,0.11656062769069536,0.09573247676953081,0.016196914351930006,0.03996548237509153,0.025431001134396294,0.19532589468596379,0.7504400344232018,0.5168871927586631,0.4396744650260947,0.2507493805990201,0.5239703327997569,Matthew Stafford,0
LA,2023,17,10.0,404,377,0.5882352941176471,23.764705882352942,22.176470588235293,1.5882352941176485,0.03649137047081853,0.2557220328623354,0.030826850972146873,0.206601873246401,0.15442658256895325,0.022141645677097095,0.046007607688046785,0.012500627802681474,0.23528140871151945,0.19802709283168576,0.7376052878355697,0.30716899128336395,0.3407248092325444,0.5352798938789111,Matthew Stafford,0
LA,2024,17,10.0,367,386,0.5882352941176471,21.58823529411765,22.705882352941178,-1.117647058823529,0.04451283730396618,0.07703095512494437,0.019717952179971597,0.2914852920438395,0.22983649211693533,0.01781942963859296,0.039678094698254354,0.01231270708875841,0.2676062398047374,0.4801790793833882,0.17748466942722219,0.32519811533755094,0.23103607022714995,0.5096948565747257,Matthew Stafford,0
LA,2025,17,12.0,518,346,0.7058823529411765,30.470588235294116,20.352941176470587,10.117647058823529,0.09188798592823626,0.08848528245018727,0.0204419634700303,0.24325152586157203,0.24168760098091957,0.02526546538942425,0.051741336993930985,0.008592275739407825,0.22864656318629148,0.4654811824902013,0.2680568888823266,0.2796165897321593,0.3436774824500048,0.24488716415766165,Matthew Stafford,0
LAC,2013,16,9.0,396,348,0.5625,24.75,21.75,3.0,0.04281812893404905,0.19416935924109957,0.04533429806537718,0.17345496653710127,0.15920582780428744,0.08245257245567267,0.10682982514895206,0.037670331354604215,0.15806469045885646,0.4881183849789703,0.2306563274540744,0.3348205465052869,0.3270556624638676,0.43209679874986917,Philip Rivers,0
LAC,2014,16,9.0,348,348,0.5625,21.75,21.75,0.0,0.05318380966589644,0.16544957417210387,0.04760894014497162,0.18009917533859493,0.15521461803388842,0.07617656369044987,0.12115290898394943,0.03848512948744463,0.16262928048270073,0.5249252900080995,0.22937736808843276,0.5824832433448847,0.3177745242489089,0.3354592724977013,Philip Rivers,0
LAC,2015,16,4.0,320,398,0.25,20.0,24.875,-4.875,0.07907124298150646,0.14831962352262887,0.07724880528580592,0.15241169223695591,0.18119634890674616,0.05761083134532266,0.10394830502677394,0.040929122493293724,0.15926402820096636,0.4598292118570587,0.46011582552144875,0.6068969855493176,0.2582056492364943,0.44983702384264906,Philip Rivers,0
LAC,2016,16,5.0,410,423,0.3125,25.625,26.4375,-0.8125,0.13306182428071858,0.2404074523132436,0.03892325231854243,0.18649866570012524,0.12032906893676425,0.05099688877888624,0.04646707545441379,0.007402950613165211,0.17591282160414065,0.5343646918995684,0.30334628874774855,0.308352277017397,0.2815421219469983,0.32022606875546317,Philip Rivers,0
LAC,2017,16,9.0,355,272,0.5625,22.1875,17.0,5.1875,0.06679170260687523,0.2853395792027508,0.041982771551196105,0.15390747502693622,0.13712927988679502,0.040321227145764325,0.046918387582454396,0.015959671864488007,0.21164990513274,0.544846399393945,0.37320117035887024,0.3064255755028696,0.27908697996909015,0.29258096527094385,Philip Rivers,0
LAC,2018,16,12.0,428,329,0.75,26.75,20.5625,6.1875,0.1098832581066883,0.22890571836276896,0.038870790576982193,0.17157788487034228,0.14180972997138513,0.03321781275444285,0.06556146366755956,0.010899107667123932,0.19927423402270678,0.4757285535056524,0.3716394154308864,0.3094154658599159,0.5348963616970359,0.29690778388830064,Philip Rivers,0
LAC,2019,16,5.0,337,345,0.3125,21.0625,21.5625,-0.5,0.07074593299039666,0.2250567585419605,0.06795825406380872,0.21447978995795636,0.15469792109408065,0.04132553430193624,0.04152923630781626,0.00917396373077726,0.17503260901126735,0.8079425927701903,0.49842473655681185,0.2733525504381715,0.43462047648904395,0.3967704258884768,Philip Rivers,0
LAC,2020,16,7.0,384,426,0.4375,24.0,26.625,-2.625,0.12231813770076602,0.2535638042494506,0.08493657208481266,0.1761397892610586,0.07188959380994936,0.03915532136758137,0.04442392408984844,0.011918236608936244,0.19565462082759674,0.48313703438173916,0.3604351359411739,0.4862308170211659,0.2808909599083397,0.2980267074862387,Justin Herbert,1
LAC,2021,17,9.0,474,459,0.5294117647058824,27.88235294117647,27.0,0.882352941176471,0.12712080608734286,0.25204693302795905,0.04663246054284505,0.18305996469933775,0.045136122611463485,0.04798301417743159,0.04391127163143245,0.013756312523806926,0.24035311469838083,0.49711751380793606,0.4624447606947538,0.3552120394176396,0.3400949530817774,0.3669214301092267,Justin Herbert,1
LAC,2022,17,10.0,391,384,0.5882352941176471,23.0,22.58823529411765,0.4117647058823515,0.10854346137349401,0.2739145628018375,0.048029721910627515,0.1579127914749676,0.05110907228494705,0.04908213559199047,0.06605051263611111,0.023403149323749747,0.22195459260227499,0.43041282359145805,0.5125831729704025,0.3661718832863799,0.3650914763446374,0.4299303539697216,Justin Herbert,1
LAC,2023,17,5.0,346,398,0.29411764705882354,20.352941176470587,23.41176470588235,-3.0588235294117645,0.07665979000213186,0.26711903427340106,0.06396681423187076,0.16099507821628617,0.051583962821744614,0.05262546828378567,0.07715574125097338,0.01946802678681326,0.2304260841329932,0.6408492588919199,0.32542308229004246,0.33730420765121083,0.4252598232016371,0.30710202695956607,Justin Herbert,1
LAC,2024,17,11.0,402,301,0.6470588235294118,23.647058823529413,17.705882352941178,5.9411764705882355,0.07335042868895639,0.3437175675210519,0.040377154289576854,0.15638577758739697,0.10994848143683117,0.02938451788017322,0.117964108408898,0.02795491222409181,0.10091705196302363,0.27575147135583183,0.3823023098283023,0.2710800915166389,0.2815690197105393,0.16809617506438024,Justin Herbert,0
LAC,2025,17,11.0,368,340,0.6470588235294118,21.647058823529413,20.0,1.647058823529413,0.05080323624635001,0.19601345403059614,0.04057813277409393,0.2381899460748454,0.16510780570660566,0.044564480971493306,0.12815342942701094,0.02650809639738226,0.11008141837162234,0.3680264206985256,0.38154387489600283,0.23038188203157503,0.25816427962973243,0.22174391797007426,Justin Herbert,0
LV,2013,16,4.0,322,453,0.25,20.125,28.3125,-8.1875,0.07979087931622639,0.12155499114153413,0.1093829491500531,0.15045825753512043,0.006865319518072878,0.23212186040462734,0.11466429536835372,0.08407897483862091,0.10108247272739107,0.398772390948359,0.27890925840677827,0.2878623889153376,0.3165891473916265,0.24349223965562725,Terrelle Pryor,0
LV,2014,16,3.0,253,452,0.1875,15.8125,28.25,-12.4375,0.10972486221071825,0.22498891595606527,0.052196292363138594,0.1537068422583189,0.09390187087042468,0.11325337580654568,0.12716866540655736,0.030336686961546733,0.09472248816668451,0.31623484647792083,0.2203208532586005,0.7162957788264772,0.32249540234429647,0.39771980953407643,Derek Carr,1
LV,2015,16,7.0,359,399,0.4375,22.4375,24.9375,-2.5,0.04403188469891788,0.2055147827227195,0.11120622630268938,0.257984328432275,0.01689579361365068,0.07172446131634083,0.11771429879154094,0.03179967662459593,0.14312854749726986,0.5632641204935984,0.3428960027712855,0.5148725694351206,0.44387995055040774,0.2535982298817497,Derek Carr,1
LV,2016,16,12.0,416,385,0.75,26.0,24.0625,1.9375,0.13624234637031665,0.2008221175879601,0.04724264275900343,0.2436897777215764,0.030878612849114164,0.03345576638303595,0.08480804861666823,0.060180783072349336,0.16267990463997578,0.5392791308781425,0.41574928814575385,0.42415062776413665,0.3618009166884044,0.45163939763786026,Derek Carr,1
LV,2017,16,6.0,301,373,0.375,18.8125,23.3125,-4.5,0.14135612653956936,0.12944499233811643,0.02418626511373516,0.26655919143636986,0.10547044476795174,0.03524981845123305,0.07023575473689035,0.0436919651199194,0.18380544149621458,0.41532792631750326,0.3341911542847889,0.35771849189972027,0.3129840965593496,0.22299310415735268,Derek Carr,1
LV,2018,16,4.0,290,467,0.25,18.125,29.1875,-11.0625,0.07548105418008087,0.09335392629840877,0.0670338200287364,0.23891290665883502,0.1702067582050354,0.06123602425459441,0.07269820993787789,0.022821019914634696,0.19825628052179664,0.4622567072251789,0.29900508695595585,0.726669592940886,0.288650239590695,0.3037423945140554,Derek Carr,0
LV,2019,16,7.0,313,419,0.4375,19.5625,26.1875,-6.625,0.0638225163403611,0.11035205636536903,0.0562863546899823,0.2705272343671246,0.1698542280228891,0.05291093539500379,0.13208555848476466,0.010816254623594394,0.13334486171091103,0.32064514424628443,0.3416505547091135,0.5041511123787659,0.37273209324754875,0.5008215705139664,Derek Carr,0
LV,2020,16,8.0,434,478,0.5,27.125,29.875,-2.75,0.04077321357933467,0.15299171826439442,0.07970843470265772,0.25842515133544897,0.1537986590993998,0.04036468543517701,0.09793546515863413,0.011275973006912843,0.16472669941804047,0.29099781584803114,0.24635183135726318,0.42708643161659837,0.40459982959760665,0.32770343748211095,Derek Carr,0
LV,2021,17,10.0,374,439,0.5882352941176471,22.0,25.823529411764707,-3.8235294117647065,0.06043709598990629,0.19615198842251522,0.12378420533696978,0.20767141273698975,0.16736721196482832,0.07004780004975349,0.04058835151747398,0.03935152958236421,0.09460040439919894,0.26870556147424335,0.28324578317155197,0.31118057879152616,0.4213174806637079,0.4374079520628351,Derek Carr,0
LV,2022,17,6.0,395,418,0.35294117647058826,23.235294117647058,24.58823529411765,-1.3529411764705905,0.07039151305771109,0.23732039285346068,0.05320270672888044,0.11912782993330703,0.13650271494779026,0.0717161387232713,0.03301639165096211,0.04859843252941556,0.23012387957520147,0.3713449001096465,0.2810921294844892,0.3815172877251416,0.3759954409149821,0.35471126720730944,Derek Carr,0
LV,2023,17,8.0,332,331,0.47058823529411764,19.529411764705884,19.470588235294116,0.05882352941176805,0.045766792080608625,0.19292235282745251,0.04035051062956801,0.19968578273590828,0.05680725940714195,0.11196827016464381,0.05560885669273263,0.04906553950143549,0.2478246359605087,0.37154932030819066,0.4008173947815927,0.398682987665339,0.526635995465858,0.35437737074013276,Aidan O'Connell,1
LV,2024,17,4.0,309,434,0.23529411764705882,18.176470588235293,25.529411764705884,-7.3529411764705905,0.05361297340659787,0.3341592107216582,0.06515301423485409,0.1896022704559993,0.05522974019236865,0.03496597475451691,0.08541775921565901,0.052612214572224536,0.12924684244612147,0.3634866366162281,0.51651770526433,0.4605944901775183,0.4682820892724178,0.4151868406561272,Gardner Minshew,0
LV,2025,17,3.0,241,432,0.17647058823529413,14.176470588235293,25.41176470588235,-11.235294117647058,0.04371093615423875,0.31057558790799034,0.036890112798516075,0.17119615237843414,0.2049891382296979,0.049844733727690965,0.05608524288827976,0.05305379289389323,0.07365430302125876,0.3749092317970589,0.5772719110542425,0.3820363706240177,0.5085695820690318,0.2620629202592016,Geno Smith,0
MIA,2013,16,8.0,317,335,0.5,19.8125,20.9375,-1.125,0.13555834304000847,0.29762243746787503,0.08168192947765669,0.18123819432267485,0.05785292748102702,0.020755406757153698,0.05278536979636029,0.02243627192777924,0.15006911972946468,0.4363587433756776,0.30535025318233683,0.31929564828340073,0.2915290441554335,0.30458242466243307,Ryan Tannehill,1
MIA,2014,16,8.0,388,373,0.5,24.25,23.3125,0.9375,0.0941494719719141,0.18548462956688208,0.1391397399204644,0.141787291550954,0.06984230032760198,0.04114232403330623,0.05500921340386577,0.032111351530480274,0.24133367769453115,0.3748447293724603,0.3063178766355945,0.4161941625083218,0.23240213875975366,0.557470489128162,Ryan Tannehill,1
MIA,2015,16,6.0,310,389,0.375,19.375,24.3125,-4.9375,0.12695083109992383,0.26229661233245943,0.07096205252449846,0.2006588369371399,0.06638304658525995,0.02271836198608804,0.09320879572773169,0.04155180146222889,0.11526966134466977,0.685697515512192,0.3468100971453248,0.5444139606974338,0.4652722324100091,0.4153515127404168,Ryan Tannehill,1
MIA,2016,16,10.0,363,380,0.625,22.6875,23.75,-1.0625,0.09025168544370003,0.29989608712011406,0.059151771670034964,0.20029148435019228,0.09314367148469256,0.01340474591742791,0.08420845193800093,0.036279544791610815,0.12337255728422641,0.6673093771883821,0.29768939867804645,0.43157882506348216,0.35906012704148677,0.4594466011633648,Ryan Tannehill,0
MIA,2017,16,6.0,281,393,0.375,17.5625,24.5625,-7.0,0.038245257050105126,0.27513644253453695,0.07892132961033362,0.15067795391249447,0.21954277860275884,0.02198251441491787,0.07505435344177189,0.01229485521779327,0.12814451521528783,0.24184109122436637,0.46102462795976307,0.3127092711467413,0.395570247898916,0.2902196947541805,Jay Cutler,0
MIA,2018,16,7.0,319,433,0.4375,19.9375,27.0625,-7.125,0.02425756714489862,0.28553456110445186,0.09419998016745491,0.2014997064911245,0.06928134137370569,0.027183273058190387,0.08782992071419528,0.011137644252209233,0.19907600569376954,0.4542890289429063,0.26427999905875,0.6745949333038226,0.30566692606306134,0.32293505636905934,Ryan Tannehill,0
MIA,2019,16,5.0,306,494,0.3125,19.125,30.875,-11.75,0.15771437522970386,0.10037187208750659,0.05189389035111977,0.09098372424801282,0.06439642791876582,0.022678784161742988,0.2779885288601655,0.016362842168018202,0.21760955497496437,0.5935399314418578,0.26649747496524206,0.2232904051939731,0.24168734698519329,0.3463608377931449,Ryan Fitzpatrick,0
MIA,2020,16,10.0,404,338,0.625,25.25,21.125,4.125,0.20783985447750886,0.23513646254599715,0.058260518218630306,0.15510424459257752,0.08268825500671437,0.036405197943776155,0.09391044687363126,0.02180172801337447,0.10885329232778987,0.5096837302408505,0.27901236482970815,0.3099301624034051,0.3492494725847895,0.33729134590582216,Tua Tagovailoa,1
MIA,2021,17,9.0,341,373,0.5294117647058824,20.058823529411764,21.941176470588236,-1.882352941176471,0.2020714779572069,0.14248069521082443,0.058046593397197775,0.09776632998602282,0.07019933532966974,0.03476942596343667,0.07632418774488094,0.031242893821046374,0.28709906058971435,0.4678716871487911,0.30910864031187163,0.433875336916521,0.2753949259340813,0.2477467269001259,Tua Tagovailoa,1
MIA,2022,17,9.0,397,399,0.5294117647058824,23.352941176470587,23.470588235294116,-0.117647058823529,0.15277156634211267,0.19988946923910997,0.08286949586749388,0.13165962663626005,0.08131729995615197,0.050215378759471595,0.056215233393422256,0.026910535185848055,0.2181513946201295,0.33890022274799936,0.29727310204874857,0.47480581465606886,0.2250678593513568,0.26233218036128164,Tua Tagovailoa,1
MIA,2023,17,11.0,496,391,0.6470588235294118,29.176470588235293,23.0,6.1764705882352935,0.11701130485232718,0.24624010515426356,0.09646558631273923,0.17491702981510082,0.0657977458971165,0.04967256371666496,0.03541637596654321,0.02340895063575592,0.19107033764948864,0.425373993238892,0.3473944030899049,0.6412258781632454,0.2610245428093167,0.3316926247157156,Tua Tagovailoa,1
MIA,2024,17,8.0,345,364,0.47058823529411764,20.294117647058822,21.41176470588235,-1.117647058823529,0.08961022607665088,0.21908136673632994,0.056249274503634025,0.1602016726409867,0.05278294439861122,0.05800729332024852,0.044003344580315996,0.03809482874655094,0.2819690489966718,0.4526778641321107,0.3689531663160389,0.27966936101126266,0.33609854100470427,0.5793817748968612,Tua Tagovailoa,0
MIA,2025,17,7.0,347,424,0.4117647058823529,20.41176470588235,24.941176470588236,-4.529411764705884,0.07914223751209162,0.17694231396122484,0.06365683123869958,0.12536782360435464,0.20411902211165361,0.04956141226658154,0.040619895170414054,0.044795677610283,0.2157947865246971,0.19832906396036334,0.4031074401986016,0.5895238949505855,0.22059332721562439,0.6174429485947746,Tua Tagovailoa,0
MIN,2013,16,5.5,391,480,0.34375,24.4375,30.0,-5.5625,0.03503506042782134,0.3007124281731538,0.1059996025997098,0.16930221754075647,0.0759829638048352,0.14238414007238437,0.047398866527227065,0.00799939851128378,0.1151853223428282,0.3373936169327685,0.47257900055073415,0.6835353232591749,0.23365598519398265,0.36150874663182303,Christian Ponder,1
MIN,2014,16,7.0,325,343,0.4375,20.3125,21.4375,-1.125,0.06986487943608323,0.22954005297542168,0.1076121817549107,0.2061044373858746,0.09017333523419226,0.13232545490789696,0.0346903579283847,0.010055605413427558,0.1196336949638083,0.4206500229738033,0.31496079928754334,0.5898915689174007,0.245969711418068,0.5158763907106286,Teddy Bridgewater,1
MIN,2015,16,11.0,365,302,0.6875,22.8125,18.875,3.9375,0.10940240198833057,0.1893929280837945,0.08633402569160818,0.21115510122332967,0.039186005062869886,0.1199012092481948,0.04133319580602063,0.02581648698463268,0.17747864591121917,0.29592220759987015,0.32346883561199374,0.4932592232984504,0.2594670294582013,0.4167459992489311,Teddy Bridgewater,1
MIN,2016,16,8.0,327,307,0.5,20.4375,19.1875,1.25,0.11093314385250784,0.1882061833004384,0.07992695445269331,0.21308050782178373,0.08364797765507279,0.11566080637117253,0.086979385037264,0.012173107185728602,0.1093919343233389,0.27802618824331554,0.29318752331198356,0.2926124476260893,0.3504194833232728,0.44905866231699015,Sam Bradford,0
MIN,2017,16,13.0,382,252,0.8125,23.875,15.75,8.125,0.15007930746357162,0.2072345634471126,0.07472584552793976,0.13566676778217507,0.15824805876667067,0.04292189274882363,0.08056179003607664,0.017476083137674535,0.13308569108995552,0.4880941267941767,0.2915700685423595,0.38124410414668475,0.4402021159531733,0.3589915505003445,Case Keenum,0
MIN,2018,16,8.5,360,341,0.53125,22.5,21.3125,1.1875,0.12277168852871156,0.20215183194189706,0.10065296408034821,0.1451671461377045,0.14404407916480128,0.046324797951397295,0.08563092267439808,0.01757378047202225,0.13568278904871983,0.5941270365089734,0.3123583027623864,0.6655230299306896,0.427473560760267,0.3079118254469325,Kirk Cousins,0
MIN,2019,16,10.0,407,303,0.625,25.4375,18.9375,6.5,0.14758733102929267,0.21230103964072072,0.07043458920178167,0.13196201989819595,0.16363837004758022,0.0241299756071305,0.08218144387723468,0.011811970763183036,0.15595325993488052,0.4945004505469147,0.3479549232902442,0.43505421358163116,0.48515246849307914,0.43749167998278765,Kirk Cousins,0
MIN,2020,16,7.0,430,475,0.4375,26.875,29.6875,-2.8125,0.050070311514148425,0.1301186793014325,0.1528661914173604,0.10928887196396866,0.139746348129203,0.05616906850772107,0.14956258827699753,0.02684565471489624,0.18533228617427225,0.3387417751212349,0.43593015798254237,0.5236080652628391,0.47288110483018636,0.434221529681981,Kirk Cousins,0
MIN,2021,17,8.0,425,426,0.47058823529411764,25.0,25.058823529411764,-0.0588235294117645,0.07634699047315417,0.20158591200633694,0.14462529515803815,0.1153928143586878,0.20241574098691734,0.061818823323861787,0.06479825135603982,0.015080723647551277,0.11793544868941276,0.6371894338699319,0.4033125443866269,0.5242103838014681,0.29702694808016183,0.3063363653083647,Kirk Cousins,0
MIN,2022,17,13.0,424,427,0.7647058823529411,24.941176470588236,25.11764705882353,-0.1764705882352935,0.058717815292197974,0.19509477256950844,0.10749353829524115,0.1281189607858131,0.1802079341893723,0.10165097133597673,0.06653016785532039,0.02299590314075576,0.1391899365358141,0.304889317672717,0.35455718426453336,0.6933366758344599,0.3362045507438756,0.47108213359419066,Kirk Cousins,0
MIN,2023,17,7.0,344,362,0.4117647058823529,20.235294117647058,21.294117647058822,-1.0588235294117645,0.04882791286118978,0.2733691564252209,0.05306568159040767,0.15876106050622033,0.1412112520336639,0.052956678053658564,0.1161873413587364,0.024911614142468716,0.13070930302843367,0.3625116782207563,0.45808193845704764,0.5631133500998456,0.3640059899106595,0.2282483484686557,Kirk Cousins,0
MIN,2024,17,14.0,432,332,0.8235294117647058,25.41176470588235,19.529411764705884,5.8823529411764675,0.13489364342793866,0.15582649882504346,0.038593487699669984,0.2723074560664408,0.060684666062769246,0.048873493834934306,0.09243953178958382,0.01693892184939345,0.1794423004442263,0.4464772780407213,0.2037909258295547,0.4520997938517574,0.4628360471277783,0.2627892593441284,Sam Darnold,0
MIN,2025,17,9.0,344,333,0.5294117647058824,20.235294117647058,19.58823529411765,0.6470588235294095,0.06337042689458976,0.24921666486735947,0.047495256975007255,0.25405053599470667,0.031022762571134593,0.06446425715166614,0.07505945533934803,0.017333494407653995,0.19798714579853408,0.4050705315020973,0.3747007749668965,0.638044598270567,0.428873484557647,0.3552468453243186,J.J. McCarthy,1
NE,2013,16,12.0,444,338,0.75,27.75,21.125,6.625,0.08601216005882384,0.21683547764449396,0.09477990886317886,0.210170553085629,0.1457418013610895,0.02712242295825972,0.07371593939321058,0.03393068470075905,0.11169105193455549,0.571970046364993,0.48785328171538783,0.6212257246834987,0.47483403363439397,0.3194268151618641,Tom Brady,0
NE,2014,16,12.0,468,313,0.75,29.25,19.5625,9.6875,0.1410746223512266,0.15388372919841156,0.10554795667444106,0.12293682568761694,0.14359260001732108,0.029013558136758072,0.07988758378524087,0.03532633745420637,0.1887367866947775,0.46127950632022113,0.45661306743892377,0.6418650877534167,0.30877912082809855,0.2659819830700498,Tom Brady,0
NE,2015,16,12.0,465,315,0.75,29.0625,19.6875,9.375,0.03507608982881424,0.18281569627879585,0.0867029656035276,0.1609427261666636,0.12814718008100864,0.022916840042882428,0.09938331000540648,0.04472911440148053,0.23928607759142062,0.4939773052006672,0.2250962724910272,0.6095145216834792,0.3779248627022459,0.3131748306638347,Tom Brady,0
NE,2016,16,14.0,441,250,0.875,27.5625,15.625,11.9375,0.036458663172094535,0.15787721783630748,0.09685735335190694,0.20357332459812452,0.11649875461663563,0.022845980585857996,0.09337452324473215,0.04876603456800687,0.22374814802633378,0.3794016018179652,0.3294379143603595,0.6109584393767798,0.40002227676404123,0.22584113988740956,Tom Brady,0
NE,2017,16,13.0,458,296,0.8125,28.625,18.5,10.125,0.1056195488114558,0.09995857867066553,0.08446677630759503,0.14120137656676682,0.09208997648614048,0.07878870684357918,0.15098703044323303,0.045070202772782494,0.20181780309778158,0.5160868836447,0.2943346030132608,0.4018597526304572,0.5030655847542325,0.23377545160850868,Tom Brady,0
NE,2018,16,11.0,436,325,0.6875,27.25,20.3125,6.9375,0.09689421165648317,0.13120999420331345,0.0753465442162515,0.12346718485128697,0.13981432510556469,0.05805761910441693,0.13300068685223623,0.04768838125557574,0.19452105275487133,0.5565085165997019,0.1849622542903613,0.7303801654596215,0.29269237376721535,0.3640525281772563,Tom Brady,0
NE,2019,16,12.0,420,225,0.75,26.25,14.0625,12.1875,0.11114119145389398,0.10472243424742884,0.11267174991792847,0.13987851557116124,0.13277329101862012,0.08360769510616928,0.16448906398399213,0.027834621206885977,0.12288143749392003,0.4861641864296281,0.3539772045104882,0.5723509029315922,0.24324851633147374,0.291404415646311,Tom Brady,0
NE,2020,16,7.0,326,353,0.4375,20.375,22.0625,-1.6875,0.2564739290456324,0.15626709812525896,0.015546501041292205,0.23697031262406168,0.02281328574495136,0.07799311616521194,0.08522496586417863,0.017040398026954968,0.13167039336245795,0.5901686459202472,0.2375565575130976,0.5196221924106358,0.3946871019934649,0.4645491170858966,Cam Newton,0
NE,2021,17,10.0,462,303,0.5882352941176471,27.176470588235293,17.823529411764707,9.352941176470587,0.12201738640853377,0.16150538339017592,0.13541305465908246,0.1760412606036302,0.02283464995503433,0.04067505880048275,0.12364137710532135,0.020932376467884824,0.1969394526098544,0.3589878708438789,0.23265204938345005,0.5439919887830325,0.3219992734203382,0.20942797862108645,Mac Jones,1
NE,2022,17,8.0,364,347,0.47058823529411764,21.41176470588235,20.41176470588235,1.0,0.10468169362311647,0.2192496132698611,0.043066565708331395,0.14066484462338869,0.03379373514586693,0.02928117614662694,0.0899750221593666,0.03221397581362049,0.30707337350982133,0.4087816236207475,0.3411995503458413,0.3088471829002744,0.3876506050335089,0.25579925038541274,Mac Jones,1
NE,2023,17,4.0,236,366,0.23529411764705882,13.882352941176471,21.529411764705884,-7.647058823529413,0.10363131018940912,0.2610852026575612,0.07357383553995853,0.1982065577130878,0.02735314351484458,0.02513881336302494,0.0745140160940031,0.01693231759551382,0.21956480333259695,0.3115128892026795,0.32834323715451375,0.34608820841721544,0.32129691385954245,0.3680974718305691,Mac Jones,1
NE,2024,17,4.0,289,417,0.23529411764705882,17.0,24.529411764705884,-7.529411764705884,0.12011520234391286,0.20531874621944185,0.09554900153432096,0.1876857085086055,0.09189165235689645,0.058812284250932136,0.10720176292322571,0.02187314291491394,0.11155249894775057,0.6291926126371978,0.2781117749546384,0.3891738005205831,0.3474024591798952,0.2891244885887462,Drake Maye,1
NE,2025,17,14.0,490,320,0.8235294117647058,28.823529411764707,18.823529411764707,10.0,0.10365927683500108,0.2451483419102485,0.10495578066274425,0.21455265114259356,0.05680404689745713,0.06164666209502735,0.031248378519768936,0.012814832549156432,0.16917002938800285,0.5215945580301112,0.2775287421906674,0.3863635309917643,0.44100690528612296,0.3062911129234075,Drake Maye,1
NO,2013,16,11.0,414,304,0.6875,25.875,19.0,6.875,0.1007772008548136,0.17657165414010878,0.0904740704420712,0.1475261683248312,0.16167822192459702,0.07949066686688173,0.08969140557472273,0.02440256092540562,0.12938805094656813,0.48920168807195824,0.38770243664966864,0.3814381686986813,0.4113930482753872,0.317957693793257,Drew Brees,0
NO,2014,16,7.0,401,424,0.4375,25.0625,26.5,-1.4375,0.07247438028893705,0.11466305831043058,0.08431371777587686,0.22082431806536434,0.17497535959022067,0.04612395521049963,0.08009126405895071,0.037863068355771946,0.16867087834394828,0.424897631379616,0.26154776471459706,0.566929580259512,0.45789911142179796,0.4523368813257678,Drew Brees,0
NO,2015,16,7.0,408,476,0.4375,25.5,29.75,-4.25,0.09158058582787063,0.07524247469916323,0.09477401576635132,0.16535658765873812,0.25116966558608494,0.04530154951304093,0.10957094273223275,0.04234267322241521,0.12466150499410288,0.48668868590485753,0.5487960515117956,0.4190802974571336,0.4192940430056722,0.5164438913109666,Drew Brees,0
NO,2016,16,7.0,469,454,0.4375,29.3125,28.375,0.9375,0.04950836589404405,0.13414833705397636,0.10231195726836505,0.16868291534643162,0.19090773715251216,0.04225999781254862,0.16994263795356113,0.04501646136118171,0.0972215901573794,0.15047027267737492,0.444270160898875,0.32072323088564714,0.264438686638211,0.25313684008016846,Drew Brees,0
NO,2017,16,11.0,448,326,0.6875,28.0,20.375,7.625,0.037118858673988106,0.16990913790086276,0.08409448925922934,0.2413958695314756,0.15011139459588804,0.054778283037736,0.069771503479389,0.04205182942153408,0.15076863409989702,0.5545690782967589,0.5226264907294859,0.2454255310570232,0.2290132837475807,0.366673486793521,Drew Brees,0
NO,2018,16,13.0,504,353,0.8125,31.5,22.0625,9.4375,0.054882879892186466,0.17949318370685802,0.0960455504201748,0.23237795685859985,0.17466465178463678,0.052646966024340894,0.05072673851629154,0.02494503100608813,0.1342170417908235,0.41372603491093307,0.5253501467606603,0.3521638504620187,0.2939091115463454,0.2180838628409523,Drew Brees,0
NO,2019,16,13.0,458,341,0.8125,28.625,21.3125,7.3125,0.09956615212197026,0.15242719393614726,0.1215496290519557,0.2546928685675331,0.1591495650450466,0.029862442593653792,0.0250769746514448,0.04066257922470734,0.11701259480754124,0.3215492640218168,0.3748089296941756,0.41847618641568207,0.37519720835185283,0.31343379453184594,Drew Brees,0
NO,2020,16,12.0,482,337,0.75,30.125,21.0625,9.0625,0.09232711746300466,0.17494910065995337,0.08097316986060792,0.15497815968876938,0.17107444217557638,0.06330577528080657,0.03948654029440274,0.05819038662379133,0.16471530795308761,0.3057759002724848,0.30037229721477254,0.4137711898111841,0.3114686357932805,0.31563266516119237,Drew Brees,0
NO,2021,17,9.0,364,335,0.5294117647058824,21.41176470588235,19.705882352941178,1.705882352941174,0.06008906730135406,0.18138088421038945,0.08490707053626516,0.21355060126407488,0.030955616783979865,0.06117141751967878,0.13797422363250963,0.037538119860518075,0.1924329988912301,0.524180683903156,0.37429756573465356,0.5896739376596714,0.2817827977054909,0.38084523433840906,Jameis Winston,0
NO,2022,17,7.0,330,345,0.4117647058823529,19.41176470588235,20.294117647058822,-0.882352941176471,0.0953294124084992,0.2073046122445577,0.07262489114669358,0.1952179147604439,0.0438291567543575,0.06316336486916282,0.06834118417280685,0.04723504040726175,0.2069544232362167,0.5824697348409484,0.3698940531999586,0.500913470426395,0.2679035423212622,0.3943932814686091,Andy Dalton,0
NO,2023,17,9.0,402,327,0.5294117647058824,23.647058823529413,19.235294117647058,4.411764705882355,0.09773739767875972,0.19678892240584328,0.0784658605005528,0.2349394105354072,0.06691791466113278,0.07123935089972841,0.05631091379517801,0.01643527898535247,0.18116495053804538,0.6471551820510667,0.4649810828805653,0.5229055734806046,0.254922841298648,0.43026398969385077,Derek Carr,0
NO,2024,17,5.0,338,398,0.29411764705882354,19.88235294117647,23.41176470588235,-3.5294117647058805,0.05137214492578094,0.23189338583861113,0.09504655356574221,0.19264312308790651,0.07592910771221098,0.12362442708118994,0.05897413181273932,0.0161660730892149,0.15435105288660403,0.3649588628890892,0.30910241309524483,0.4917745761527059,0.3302069029464173,0.3083070211597882,Derek Carr,0
NO,2025,17,6.0,306,383,0.35294117647058826,18.0,22.529411764705884,-4.529411764705884,0.07651938476737216,0.2338142655885456,0.07248535354626896,0.20276858437532275,0.021076874682491583,0.08107455374833691,0.06890562340326027,0.01479521091843061,0.2285601489699711,0.33834257798932826,0.25402002608129504,0.5803182990965375,0.25024188900593086,0.378464298134749,Tyler Shough,1
NYG,2013,16,7.0,294,383,0.4375,18.375,23.9375,-5.5625,0.0922052099804391,0.14002142892407884,0.06503290317226278,0.22791603947613762,0.21035906514948882,0.05847988513636165,0.11556236811499566,0.0,0.09042310004623551,0.5543223453404359,0.42000140956570625,0.606542096888814,0.3566269617786942,0.39181310483173765,Eli Manning,0
NYG,2014,16,6.0,380,400,0.375,23.75,25.0,-1.25,0.1013556099603915,0.11703300941722534,0.11075567376519288,0.16907154700084925,0.1937327344221278,0.054726915403953594,0.13249135709603405,0.0,0.12083315293422549,0.2729502482664475,0.3633262530284082,0.4163073240614476,0.4036186484469573,0.5665808425921043,Eli Manning,0
NYG,2015,16,6.0,420,442,0.375,26.25,27.625,-1.375,0.16440957562031933,0.1715165661887603,0.08377091414431623,0.2140500448084439,0.14209703705014864,0.05978837612205082,0.0201496026167302,0.0011604034792668328,0.14305747996996382,0.4136463116356539,0.4765476314376299,0.47496485072925504,0.3527758242420886,0.5327593215013334,Eli Manning,0
NYG,2016,16,11.0,310,284,0.6875,19.375,17.75,1.625,0.15733735474873073,0.239298922857145,0.08017540632372745,0.09759904221878649,0.1866699878632746,0.07359208993538639,0.02624735971178229,0.008022448912480109,0.13105738742868692,0.3708279136447475,0.3962022007569352,0.3107961507358593,0.2444174087654185,0.3700619338991478,Eli Manning,0
NYG,2017,16,3.0,246,388,0.1875,15.375,24.25,-8.875,0.17906727673332115,0.2538695380233861,0.0758936197231274,0.138379416894185,0.13725414832694643,0.04381845392318106,0.024772613924737678,0.022817974393688337,0.1241269580574268,0.5090344546047926,0.4033916870503428,0.30923160584251863,0.4080034919659482,0.2304291941297444,Eli Manning,0
NYG,2018,16,5.0,369,412,0.3125,23.0625,25.75,-2.6875,0.10253938756342237,0.23281156794853552,0.057418392278531016,0.1274561495021306,0.18248897330308408,0.08830717410632498,0.04105758607190307,0.017207583633720352,0.15071318559234806,0.7601666011529751,0.5691724483706183,0.6448253242860493,0.611559489541079,0.28233280857737314,Eli Manning,0
NYG,2019,16,4.0,341,451,0.25,21.3125,28.1875,-6.875,0.036210647380998225,0.14008640667237285,0.10304969922319146,0.1925972824481007,0.20567446101182563,0.06515206029163247,0.060101266123413086,0.017629092838551217,0.1794990840099143,0.38267987853527263,0.3071109643640285,0.8256086228672509,0.45114294810186867,0.28379392621666266,Daniel Jones,1
NYG,2020,16,6.0,280,357,0.375,17.5,22.3125,-4.8125,0.07573778840058294,0.18256835757636944,0.09756342509633596,0.2061562992684877,0.04882784898495105,0.08088358700560228,0.08660528359562873,0.03982800229478523,0.18182940777725667,0.7670109216219151,0.5131157130025387,0.5954250870690104,0.35223099590496243,0.33076064031759334,Daniel Jones,1
NYG,2021,17,4.0,258,416,0.23529411764705882,15.176470588235293,24.470588235294116,-9.294117647058822,0.12535423282307792,0.14690306659140517,0.06879547144456949,0.18482990831301432,0.054359771626574314,0.09132338868647609,0.09744529546409603,0.04530048131342764,0.185688383737359,0.5078928317570259,0.3871690368894246,0.591474551774428,0.310996129113022,0.19593413054922001,Daniel Jones,1
NYG,2022,17,9.5,365,371,0.5588235294117647,21.470588235294116,21.823529411764707,-0.35294117647059053,0.10063959761046722,0.2237188299657344,0.026503397177368035,0.19602686299064773,0.07567959198329595,0.06208030232328564,0.050787001824510854,0.03343167901507064,0.23113273710961946,0.6133458828339947,0.456882066856046,0.2368604631335689,0.29907378408013036,0.6081339162064497,Daniel Jones,1
NYG,2023,17,6.0,266,407,0.35294117647058826,15.647058823529411,23.941176470588236,-8.294117647058824,0.16454181047706426,0.15151632370225243,0.055568176571568526,0.2032276277894809,0.1355206651864906,0.08178959178039986,0.03236161163904015,0.0447103416207698,0.13076385123293355,0.6975004370244199,0.2793638380608813,0.4689645967556847,0.2717144176980262,0.22723692712775342,Daniel Jones,0
NYG,2024,17,3.0,273,415,0.17647058823529413,16.058823529411764,24.41176470588235,-8.352941176470587,0.052679081009327056,0.28848616700199786,0.07685195252223039,0.2743855215541535,0.03464420788233814,0.0318377785826806,0.04434414034919667,0.06097488102628235,0.13579627007179343,0.33089068419621587,0.30345998219375137,0.49153868715877225,0.4101034186161907,0.3306541749539902,Daniel Jones,0
NYG,2025,17,4.0,381,439,0.23529411764705882,22.41176470588235,25.823529411764707,-3.411764705882355,0.08463042143792339,0.30259036537767264,0.08941027717743703,0.2111226770767853,0.0675231609103682,0.036845856816448315,0.056137788937018054,0.035941482591374106,0.11579796967497294,0.4311036860231965,0.31234923182035773,0.6381511629389681,0.2195561482803372,0.2374714487871488,Jaxson Dart,1
NYJ,2013,16,8.0,290,387,0.5,18.125,24.1875,-6.0625,0.13588822539643367,0.10292687634811229,0.15286591325984136,0.2271671390884003,0.15767794049711706,0.05025713863076796,0.033263632462386984,0.0,0.13995313431694045,0.5270638389098896,0.21351910420496784,0.9341791055608735,0.44086808619120754,0.7064108036270583,Geno Smith,1
NYJ,2014,16,4.0,283,401,0.25,17.6875,25.0625,-7.375,0.0858335975966028,0.15826170413886684,0.08888629267164143,0.3026356829498177,0.058755696823096434,0.07942545808827216,0.05168254650235401,0.0,0.1745190212293487,0.3831591099594607,0.18054349224121563,0.9000795927525591,0.4418083062937218,0.42375871917304486,Geno Smith,1
NYJ,2015,16,10.0,387,314,0.625,24.1875,19.625,4.5625,0.2310532837699504,0.14213857553972706,0.07175898696401915,0.24382345169371575,0.03813153021953477,0.05164417657985486,0.06421136436449246,0.002021679248228539,0.15521695162047694,0.5085379226422918,0.3600592834587763,0.76753903447683,0.3523518227530281,0.4258129514415685,Ryan Fitzpatrick,0
NYJ,2016,16,5.0,275,409,0.3125,17.1875,25.5625,-8.375,0.18362597600066477,0.17516134723176702,0.08075384590821673,0.2081625683584175,0.07565955184496982,0.039742698938630534,0.05935419998621677,0.003510173052611607,0.17402963867850532,0.6929752406876254,0.4273312339689358,0.6951859117145407,0.3092421808204475,0.4086046461014945,Ryan Fitzpatrick,0
NYJ,2017,16,5.0,298,382,0.3125,18.625,23.875,-5.25,0.13055901023507047,0.2812997668271883,0.047587745572210044,0.23736141201646116,0.06650986252689395,0.08227913525137935,0.055237671305700314,0.015353822701629228,0.08381157356346718,0.5195592035267435,0.5106532480610496,0.38957934806068184,0.2689693762563181,0.20947955946067773,Josh McCown,0
NYJ,2018,16,4.0,333,441,0.25,20.8125,27.5625,-6.75,0.1831838741293949,0.1461449516662088,0.07809518010858124,0.24144198991664584,0.10327263111989872,0.052883511852514165,0.07169307595377818,0.012508421131275581,0.11077636412170264,0.35770163820196266,0.26578645140130747,0.5034254747386131,0.2578214058637598,0.32828727206585856,Sam Darnold,1
NYJ,2019,16,7.0,276,359,0.4375,17.25,22.4375,-5.1875,0.13410698849964234,0.1485819413532006,0.15199966695884637,0.21873392293592772,0.057600772257380604,0.06938034319259756,0.06823110240262978,0.015018596416020834,0.1363466659837543,0.5430172618399823,0.31993692041722605,0.5190205045039002,0.263567139303584,0.3018207071281405,Sam Darnold,1
NYJ,2020,16,2.0,243,457,0.125,15.1875,28.5625,-13.375,0.06933990788567775,0.1950347630431805,0.128905682336902,0.22941298244130673,0.08195062702784864,0.01800222713769409,0.06593263273553654,0.013341135098012607,0.19808004229384119,0.5432852256787573,0.32599486268587285,0.5918777095421696,0.24388633198077292,0.38517964316341574,Sam Darnold,1
NYJ,2021,17,4.0,310,504,0.23529411764705882,18.235294117647058,29.647058823529413,-11.411764705882355,0.04060504345923927,0.2141979524287906,0.09829474505488743,0.2653683349402213,0.04592424083049039,0.024755098591166022,0.09105763811371882,0.011924928475025263,0.20787201810646097,0.33441650592351063,0.38909710259559716,0.4436669558980848,0.21589515877241536,0.35431734070649107,Zach Wilson,1
NYJ,2022,17,7.0,296,316,0.4117647058823529,17.41176470588235,18.58823529411765,-1.176470588235297,0.08507785040274835,0.276738705052417,0.055151151006478334,0.24089901533968217,0.07370720244311073,0.026206366490638174,0.045496228901479634,0.021111054055406822,0.17561242630803883,0.36815451348859884,0.2853445137767529,0.5225477583532239,0.2373590914744428,0.40078383938600537,Zach Wilson,1
NYJ,2023,17,7.0,268,355,0.4117647058823529,15.764705882352942,20.88235294117647,-5.117647058823529,0.1165147557375268,0.17206852820724777,0.14316794505679492,0.21674799418167673,0.09839390771234313,0.015950620517218548,0.06682272384985335,0.025717756907414832,0.14461576782992389,0.3534471977074871,0.1944007087752851,0.7726709911441096,0.2681102820750717,0.23941330638511613,Zach Wilson,1
NYJ,2024,17,5.0,338,404,0.29411764705882354,19.88235294117647,23.764705882352942,-3.882352941176471,0.1627344864278143,0.2529154156446095,0.07500173768362789,0.1476726851909245,0.10590873831041889,0.02315316766468493,0.03525384065593988,0.027416281429304763,0.1699436469926753,0.49038415972870486,0.41166158987701545,0.49293833847661367,0.19008506617759738,0.36590676344896556,Aaron Rodgers,0
NYJ,2025,17,3.0,300,503,0.17647058823529413,17.647058823529413,29.58823529411765,-11.941176470588236,0.08451621579898923,0.13802137724456218,0.1085031839665548,0.27217637116648447,0.09605760601473419,0.057167730628375935,0.05984110835782976,0.032750046830339066,0.1509663599921303,0.3012634839886743,0.2052925556225511,0.49425830249816627,0.35812645954423383,0.2965042388335696,Tyrod Taylor,0
PHI,2013,16,10.0,442,382,0.625,27.625,23.875,3.75,0.05408426847388347,0.1304076397091483,0.0896944652096732,0.23008910512458908,0.11999946675418544,0.08478967056597139,0.052588024468057715,0.020799339062074044,0.21754802063241732,0.4005919037093937,0.3677962043294219,0.6696774163885256,0.4302374227149696,0.3708889280382758,Nick Foles,1
PHI,2014,16,10.0,474,400,0.625,29.625,25.0,4.625,0.11319467059739642,0.184976957170778,0.08540335454968627,0.23683576144797083,0.030433182936199985,0.13065768258438393,0.06238215574464849,0.019831339210939,0.13628489575799707,0.47069611928736843,0.29626712844836417,0.6708591148218155,0.29071616236715037,0.33509822460086447,Nick Foles,1
PHI,2015,16,7.0,377,430,0.4375,23.5625,26.875,-3.3125,0.10363935757828585,0.19716537521161664,0.0641990850795886,0.17807615271215557,0.13069599871720336,0.09067108127318381,0.08337509721954826,0.028389170214813776,0.12378868199360421,0.6555881809055647,0.27727069149369565,0.3666665571827701,0.3968984382506945,0.3028285893657577,Sam Bradford,0
PHI,2016,16,7.0,367,331,0.4375,22.9375,20.6875,2.25,0.05471731696331308,0.22843911187784757,0.09315149102615136,0.2592310366588915,0.07713292951895352,0.07968770769033422,0.08929858595273132,0.03202239436365047,0.08631942594812687,0.38918881587392207,0.24915483966496235,0.3824022793836041,0.29087937307825446,0.297082403968583,Carson Wentz,1
PHI,2017,16,13.0,457,295,0.8125,28.5625,18.4375,10.125,0.02816744480089842,0.2371513108036417,0.09497496466517633,0.22392062421169606,0.05133524971836508,0.04980765409424121,0.09543379683142886,0.021975422535051175,0.19723353233950117,0.25596664566429406,0.25598980049489367,0.4488023607004173,0.2839140056743864,0.3552788244586647,Carson Wentz,1
PHI,2018,16,9.0,367,348,0.5625,22.9375,21.75,1.1875,0.034378324795957205,0.25451406457678605,0.047332001439956264,0.22489499906674787,0.13638631264276996,0.03261818164913957,0.10721104529128968,0.010606939612279669,0.15205813092507373,0.2574303599472178,0.2827688140185555,0.27738172122251553,0.30079656198532057,0.20593085878193867,Carson Wentz,1
PHI,2019,16,9.0,385,354,0.5625,24.0625,22.125,1.9375,0.0632862201696872,0.18982156193383845,0.05029808352121107,0.23828979125081562,0.09335959760769504,0.035753467453248,0.13454242912199185,0.012700737111551877,0.18194811182996085,0.31769023187770945,0.40996077231346356,0.6025126924140857,0.2702555757702058,0.33732393986599757,Carson Wentz,1
PHI,2020,16,4.5,334,418,0.28125,20.875,26.125,-5.25,0.04856140076806068,0.22257016541387017,0.03011363777453231,0.22519549147652923,0.12079175637987681,0.021183998658341235,0.050860895737749684,0.02520621587254192,0.25551643791849804,0.4985931556378247,0.4329972952663404,0.15426229526588647,0.2574963971746288,0.3301028287361782,Carson Wentz,0
PHI,2021,17,9.0,444,385,0.5294117647058824,26.11764705882353,22.647058823529413,3.470588235294116,0.11841757524667594,0.3040501395576326,0.03735526326441888,0.298691315315909,0.020534694043283466,0.028085618294031552,0.042962012666552425,0.026413507347956812,0.12348987426353934,0.43704525144053025,0.33261183023366403,0.22870777574746162,0.28982517508455624,0.23382808379796102,Jalen Hurts,1
PHI,2022,17,14.0,477,344,0.8235294117647058,28.058823529411764,20.235294117647058,7.8235294117647065,0.1299814707121455,0.3464059206180067,0.03402056946230776,0.24382377798660493,0.03252416920880494,0.034067671492220813,0.0185881507800854,0.031948300947045635,0.12863996879277836,0.4861809886296301,0.33373782938168084,0.34894466191977214,0.2945517923169511,0.2867891430438149,Jalen Hurts,1
PHI,2023,17,11.0,433,428,0.6470588235294118,25.470588235294116,25.176470588235293,0.2941176470588225,0.143196562853093,0.25604374248212536,0.03155738884925201,0.25207361622074953,0.05253871630762525,0.03184788344038053,0.028502573398221168,0.03150367854930213,0.172735837899251,0.49040148446301285,0.23319329492700983,0.303129120377095,0.3454090911469275,0.28484397753953167,Jalen Hurts,1
PHI,2024,17,14.0,463,303,0.8235294117647058,27.235294117647058,17.823529411764707,9.411764705882351,0.13785618788596116,0.21651944015123875,0.03175978583540214,0.23521930800671345,0.08823390554510833,0.034222801243570654,0.03325251499426494,0.03704851789970273,0.18588753843803782,0.4130678727655073,0.20241776389456717,0.26932707955854596,0.36058255595007127,0.3402552941290495,Jalen Hurts,0
PHI,2025,17,11.0,379,325,0.6470588235294118,22.294117647058822,19.11764705882353,3.1764705882352935,0.062121430783297814,0.13921839800931513,0.06068888252042094,0.2717916416313614,0.12748129104737588,0.05314364110140981,0.030305551754432038,0.03060033389321026,0.22464882925917676,0.2846350285226738,0.2221277255003609,0.37944563909165596,0.3556763173971077,0.40954978123024155,Jalen Hurts,0
PIT,2013,16,8.0,379,370,0.5,23.6875,23.125,0.5625,0.10626495790288132,0.24685620506658568,0.06901038110144112,0.09717377003343738,0.1415857932356859,0.02558454517629602,0.15459042236237927,0.0029483968142495357,0.15598552830704382,0.7522203490518173,0.3735683976907538,0.8457213732493949,0.26103888701062855,0.4154760769794796,Ben Roethlisberger,0
PIT,2014,16,11.0,436,368,0.6875,27.25,23.0,4.25,0.11345639138014953,0.198708064484236,0.136040080065592,0.12986095984981308,0.1755041020983993,0.015021852324277619,0.08276485411147626,0.01586302939688006,0.13278066628917606,0.6102251772887894,0.44179852492558525,0.781753430022772,0.34657934975147126,0.41572570573340933,Ben Roethlisberger,0
PIT,2015,16,10.0,423,319,0.625,26.4375,19.9375,6.5,0.1064074491124984,0.1924139524301387,0.1196026755400051,0.17034406847305425,0.1681400626093926,0.03165043765934843,0.03545682384135551,0.02571954652116001,0.15026498381304704,0.5954744961881444,0.3018985123809288,0.7020646106617745,0.22890475627957518,0.43012092534523894,Ben Roethlisberger,0
PIT,2016,16,11.0,399,327,0.6875,24.9375,20.4375,4.5,0.04838604759917701,0.17366365919000318,0.15030563110777476,0.2048227644459239,0.18621468431726446,0.03162878001078356,0.04945517140423696,0.007717660291173652,0.14780560163366258,0.3772342970126534,0.4401703154387453,0.7399389935734296,0.3786271555659161,0.5909404696002644,Ben Roethlisberger,0
PIT,2017,16,13.0,406,308,0.8125,25.375,19.25,6.125,0.07536412312242032,0.1578574308463934,0.0453936868639998,0.2566900282234723,0.13805444043181592,0.09023060202169805,0.08199315174481862,0.011633368591860784,0.1427831681535207,0.276165759142186,0.3010790715560395,0.43799082701243147,0.2829598413642787,0.6268724581976363,Ben Roethlisberger,0
PIT,2018,16,9.5,428,360,0.59375,26.75,22.5,4.25,0.1181938835468343,0.16872805923368728,0.09813548340027858,0.22712133858001074,0.15927166597437947,0.018462320884280133,0.04904459318522219,0.03731486883772488,0.12372778635758243,0.6525663409475143,0.27106072289559635,0.5749839254465211,0.3006772633530157,0.41613845070111616,Ben Roethlisberger,0
PIT,2019,16,8.0,289,303,0.5,18.0625,18.9375,-0.875,0.10696099045769851,0.27149113377242506,0.07710420998875413,0.21313729143339372,0.16530111449043905,0.020399782862183528,0.03268637159142977,0.03806047526649907,0.07485863013717722,0.48125624091709507,0.3241293327643927,0.2967870182064858,0.331585307763255,0.45602033220565963,Mason Rudolph,1
PIT,2020,16,12.0,416,312,0.75,26.0,19.5,6.5,0.12381727083138831,0.2910841118837468,0.07760997300703004,0.1889486757575862,0.14196105351717933,0.02882590409956223,0.04146207627576892,0.0246949581239329,0.08159597650380518,0.4279379787375514,0.29934283014915625,0.49877194981003636,0.2854517695620629,0.258230642096648,Ben Roethlisberger,0
PIT,2021,17,9.5,343,398,0.5588235294117647,20.176470588235293,23.41176470588235,-3.235294117647058,0.1478687996273064,0.2254795178682178,0.07064541202241649,0.10193781306252571,0.2011972480202455,0.05683826876556815,0.04926588777248653,0.04200591345933287,0.1047611394019006,0.709879448112598,0.2570764663162502,0.49100996531059143,0.1983439863888423,0.29567384010259806,Ben Roethlisberger,0
PIT,2022,17,9.0,308,346,0.5294117647058824,18.11764705882353,20.352941176470587,-2.235294117647058,0.09223623027401343,0.36667656296148216,0.09636810386631166,0.10367758354274834,0.05895591384577244,0.06399873662462764,0.07638446034038396,0.03918889641239236,0.10251351213226814,0.32402230320287323,0.3819638029382475,0.35811934345337715,0.2402206312100618,0.427029888767558,Kenny Pickett,1
PIT,2023,17,10.0,304,324,0.5882352941176471,17.88235294117647,19.058823529411764,-1.1764705882352935,0.07319226365043918,0.3455359502510632,0.046230086883854285,0.2116352161916406,0.049834878819025916,0.028330039464458192,0.07915038488359916,0.03673367759651203,0.12935750225940737,0.36491858737868244,0.4140701455303455,0.28663334905250293,0.30117088336606695,0.6151283154553816,Kenny Pickett,1
PIT,2024,17,10.0,380,347,0.5882352941176471,22.352941176470587,20.41176470588235,1.9411764705882355,0.05617852232980696,0.3444553047042205,0.08981591908400423,0.19657667683432048,0.02555988264780628,0.02911581789223758,0.13635383186761238,0.0406374120281504,0.08130663261184123,0.4878273260379299,0.403360040574299,0.3108922671273975,0.2594638156878945,0.20426173983132942,Russell Wilson,0
PIT,2025,17,10.0,397,387,0.5882352941176471,23.352941176470587,22.764705882352942,0.588235294117645,0.11100345810066363,0.3319226986656826,0.11272598441589486,0.1095281006613558,0.07424930315903716,0.030333698031519068,0.04985788881012641,0.02890467970376987,0.15147418845195063,0.71008383868847,0.2845830523167389,0.634449618053673,0.3761241651705354,0.3438407251839728,Aaron Rodgers,0
SEA,2013,16,13.0,417,231,0.8125,26.0625,14.4375,11.625,0.02935883751978965,0.2827416888819963,0.05164398235616971,0.23603158907776223,0.006253237814370319,0.08779815001619413,0.06993394756220347,0.0,0.23623856677151414,0.21507345024105198,0.25187743026400095,0.3261516941585537,0.35246220341635626,0.4060468946511701,Russell Wilson,1
SEA,2014,16,12.0,394,254,0.75,24.625,15.875,8.75,0.057899961287742704,0.2633306744551042,0.10071805969194657,0.2356655170424066,0.008409420931963639,0.09724396797097806,0.13579964353114723,0.0,0.100932755088711,0.6533774781948706,0.3809664176344549,0.26076057500337385,0.490742646435379,0.4077663588472404,Russell Wilson,1
SEA,2015,16,10.0,423,277,0.625,26.4375,17.3125,9.125,0.11966371825563295,0.2310888255877407,0.10221677977780452,0.10579621325950055,0.0729949033753987,0.0856588484690736,0.11351564365497051,0.007210011113229556,0.16185505650664894,0.8699144852669642,0.29538624409892134,0.3965068001333598,0.5871383947297554,0.4217382003186864,Russell Wilson,1
SEA,2016,16,10.5,354,292,0.65625,22.125,18.25,3.875,0.15327406792967044,0.17278873106178574,0.11248365270377708,0.04818358272808447,0.14527701088080228,0.019750408482140176,0.13704214369310375,0.01567710018980074,0.1955233023308353,0.7368757754371449,0.36457919793196075,0.4249154078406071,0.2385054812363814,0.352010694867156,Russell Wilson,0
SEA,2017,16,9.0,366,332,0.5625,22.875,20.75,2.125,0.145406633184733,0.18713332822804676,0.11474173235743779,0.13269076256368592,0.09703648921891905,0.037681475910030106,0.13125851982394754,0.020357476789774696,0.13369358192342518,0.58900968679169,0.37688959347563655,0.4161703424638369,0.34330193770031076,0.46996809856546934,Russell Wilson,0
SEA,2018,16,10.0,428,347,0.625,26.75,21.6875,5.0625,0.04869928669050295,0.07489453435998153,0.17411401738984242,0.1549405180153911,0.16337678713653664,0.03507436202784273,0.1744237708350582,0.018563561131577644,0.1559131624132668,0.39705644101443155,0.18439936618892205,0.5183110529450929,0.35332489864714683,0.5061990470626049,Russell Wilson,0
SEA,2019,16,11.0,405,398,0.6875,25.3125,24.875,0.4375,0.027036582053633046,0.16796499272046927,0.17051413452720648,0.21234348421129204,0.16971918778081163,0.04033144872383825,0.06697588219584522,0.025256850625684068,0.11985743716121997,0.23252380171765333,0.2994266242144589,0.5843702310227519,0.3212254909391319,0.3858824003322459,Russell Wilson,0
SEA,2020,16,12.0,459,371,0.75,28.6875,23.1875,5.5,0.05780959813336667,0.1273727783545132,0.18560807031985788,0.14595147298457264,0.17562732519056257,0.05861781828027623,0.0640850848248009,0.029893207035508858,0.155034644876541,0.32422009758604486,0.4020783883425305,0.43528219846607735,0.4784950441423875,0.43279583388257187,Russell Wilson,0
SEA,2021,17,7.0,395,366,0.4117647058823529,23.235294117647058,21.529411764705884,1.705882352941174,0.04234079822552667,0.1320594434433882,0.15334547502432316,0.16871259351814222,0.20985511169693719,0.05584776401547026,0.07007288114744034,0.049085948292740114,0.11867998463603174,0.19055202970412727,0.14015505155343216,0.7004395901689159,0.36565057013461916,0.424811167478188,Russell Wilson,0
SEA,2022,17,9.0,407,401,0.5294117647058824,23.941176470588236,23.58823529411765,0.352941176470587,0.037921861582133225,0.2550753174351295,0.064294270096427,0.14847491784226305,0.03344600998698054,0.06270715980717938,0.12567458786130944,0.07174204300311797,0.2006638323854599,0.3380556467835127,0.24882272890789617,0.3269603982019732,0.3070899433274814,0.315508009806554,Geno Smith,0
SEA,2023,17,9.0,364,402,0.5294117647058824,21.41176470588235,23.647058823529413,-2.2352941176470615,0.054942716237202247,0.1985579607591349,0.09610700072507375,0.10679604007864965,0.07427409597551606,0.026328430738531004,0.15146889558864554,0.03692381948313037,0.25460104041411646,0.5489292919644804,0.2668369353874727,0.379202107843671,0.2369197418387643,0.2805573586841582,Geno Smith,0
SEA,2024,17,10.0,375,368,0.5882352941176471,22.058823529411764,21.647058823529413,0.4117647058823515,0.05730369544406271,0.25419656730570955,0.02423511153772664,0.10724890790937351,0.13972423163434713,0.025030503684732856,0.07247432737613518,0.05206244868117062,0.2677242064267418,0.6401435776046802,0.2146416586308691,0.39803730286752026,0.2754661633117809,0.35752834251771515,Geno Smith,0
SEA,2025,17,14.0,483,292,0.8235294117647058,28.41176470588235,17.176470588235293,11.235294117647058,0.10246270028365519,0.29183055150066495,0.05535750121267763,0.13774348628634153,0.09176343692396172,0.03791059170032435,0.06953840156025541,0.06918044111841508,0.14421288941370417,0.46352271835588704,0.28264495633759334,0.5216488911093251,0.269980514557577,0.35891588755009857,Sam Darnold,0
SF,2013,16,12.0,406,272,0.75,25.375,17.0,8.375,0.11489472854748899,0.1304339216781491,0.10939056441086495,0.15449055179428733,0.02590305056295745,0.08219614951133491,0.08531697571202872,0.05743747698198698,0.23993658080090152,0.5714604614365216,0.2688684877040703,0.41269930516147085,0.24573578426462483,0.3256364530636183,Colin Kaepernick,1
SF,2014,16,8.0,306,340,0.5,19.125,21.25,-2.125,0.06651435334466105,0.16082988984273186,0.15809794736528632,0.19667786039649726,0.05352280004360029,0.08330583221149182,0.04606828614047453,0.03851616003268412,0.19646687062257276,0.2632115414049521,0.37754987019703584,0.3799951674226705,0.33524358756899075,0.3271670352294713,Colin Kaepernick,1
SF,2015,16,5.0,238,387,0.3125,14.875,24.1875,-9.3125,0.06322052600542655,0.07440463885204754,0.1728670670847373,0.18768518456070965,0.16631877622166072,0.054128740772844214,0.0780520441838068,0.05305104475140622,0.15027197756736102,0.46846228414788565,0.32404135732203393,0.4751862748291048,0.39579810317925346,0.4493940302988753,Colin Kaepernick,0
SF,2016,16,2.0,309,480,0.125,19.3125,30.0,-10.6875,0.07490402418639854,0.11916972986642267,0.19146260253293437,0.13755695495723125,0.19586535382429834,0.013863959749778809,0.08438136015087676,0.03866592310955643,0.14413009162250293,0.42818999893835363,0.2294233785432716,0.4418464796332907,0.49877592575666263,0.43588193885333454,Colin Kaepernick,0
SF,2017,16,6.0,331,383,0.375,20.6875,23.9375,-3.25,0.05966134844031635,0.25164912571892717,0.08409830238215463,0.24070455237880561,0.012034679087805603,0.06181446710397681,0.09053878175756729,0.033499882176264324,0.16599886095418226,0.35658797102518,0.19122658090036093,0.41359465510509386,0.4318013233927022,0.36385508340096506,Brian Hoyer,0
SF,2018,16,4.0,342,435,0.25,21.375,27.1875,-5.8125,0.1162361523065832,0.15768590566963112,0.05255609524458709,0.2004781342948056,0.22676322573580182,0.0757624115974038,0.015292614239370698,0.024071432644809012,0.1311540282670077,0.43545625150923434,0.24090225206107596,0.5026634952553649,0.3233302493019472,0.4186976520431495,Nick Mullens,0
SF,2019,16,13.0,479,310,0.8125,29.9375,19.375,10.5625,0.0901747066853824,0.2430708624764356,0.07922755738587328,0.19445177567076,0.11147986789741392,0.09560680066211479,0.05223253905834824,0.029188596254729082,0.10456729390894268,0.5698369812660566,0.31097452087772176,0.7422277387079949,0.391390495409309,0.29561474210797506,Jimmy Garoppolo,0
SF,2020,16,6.0,376,390,0.375,23.5,24.375,-0.875,0.12207763739819517,0.20808401511781596,0.02775578757194755,0.18204643418606836,0.15098083137851162,0.10270671403608049,0.06505021544190676,0.03850177986714281,0.10279658500233124,0.6036640107320348,0.22909488735952127,0.2847272313124027,0.3680896069090958,0.2976510137456895,Nick Mullens,0
SF,2021,17,10.0,427,365,0.5882352941176471,25.11764705882353,21.470588235294116,3.647058823529413,0.07525932023272236,0.2703182031393284,0.04419444654022993,0.1738618396388352,0.19351917981443714,0.06497117988374605,0.05175082770567057,0.026752925135289,0.09937207790974129,0.40593173011288,0.26833287788299526,0.47748603340218815,0.2732712901547637,0.3031820306330215,Jimmy Garoppolo,0
SF,2022,17,13.0,450,277,0.7647058823529411,26.470588235294116,16.294117647058822,10.176470588235293,0.07878489788862077,0.2373990625961958,0.08964695693163831,0.1600084541080409,0.12310698680987996,0.0330231306015369,0.09511307280081668,0.045173976121003524,0.13774346214226715,0.4509519132816875,0.24668066661345991,0.4935523574090262,0.3685118293313333,0.2918940669506831,Jimmy Garoppolo,0
SF,2023,17,12.0,491,298,0.7058823529411765,28.88235294117647,17.529411764705884,11.352941176470587,0.072857393298048,0.2673403461887917,0.12721377609067025,0.15410959207421576,0.04989733657220608,0.07220446699556954,0.042469051205900415,0.024066012783196842,0.18984202479140141,0.5309872973217931,0.27287984627797834,0.4285697709361116,0.4919583348042969,0.30266009360062296,Brock Purdy,1
SF,2024,17,6.0,389,436,0.35294117647058826,22.88235294117647,25.647058823529413,-2.764705882352942,0.13430079521080743,0.19796492771217747,0.12409666663028537,0.18551620300098265,0.025176469865074748,0.06464168301302198,0.05462199277260172,0.02262606258946801,0.1910551992055807,0.6341885786155858,0.3430259980785774,0.4717931724974531,0.5448007599426415,0.296215550043681,Brock Purdy,1
SF,2025,17,12.0,437,371,0.7058823529411765,25.705882352941178,21.823529411764707,3.882352941176471,0.06103795920261196,0.25450102585289347,0.10380467605616765,0.18592987526943286,0.05499360631934909,0.07475248485032934,0.030991820063750907,0.014686047181353802,0.21930250520411093,0.4450808566062254,0.36839568635135156,0.7098911291017785,0.5283442273301764,0.29738837704912957,Brock Purdy,1
TB,2013,16,4.0,288,389,0.25,18.0,24.3125,-6.3125,0.18877558060604008,0.18936236206056342,0.04097977120496244,0.2228921032340999,0.006144997253810262,0.046489628495120186,0.11793878498338126,0.0530611037669415,0.13435566839508103,0.8184322817109388,0.5566579219593257,0.32988843408793733,0.27437606554492194,0.5990119343649815,Mike Glennon,1
TB,2014,16,2.0,277,410,0.125,17.3125,25.625,-8.3125,0.093067491229781,0.3415694796559477,0.023049179002062426,0.17479493924637496,0.04682728150691606,0.02553566984899144,0.08150079084092825,0.031501622157578374,0.18215354651141982,0.760891610021745,0.5351375925509051,0.5817842052617349,0.3069149308908601,0.5858281332368828,Josh McCown,0
TB,2015,16,6.0,342,417,0.375,21.375,26.0625,-4.6875,0.062485086288373154,0.28688001641887556,0.11234078916932007,0.20009361006013232,0.054728441548983674,0.03550516630832297,0.021215739089141615,0.0051158519789419495,0.22163529913790875,0.6822764015683046,0.5103305840751892,0.5450928984739986,0.35092363099678353,0.5526072722634873,Jameis Winston,1
TB,2016,16,9.0,354,369,0.5625,22.125,23.0625,-0.9375,0.13680154428681018,0.21986709012991135,0.09827961012870468,0.19264881509667633,0.051711276747158974,0.06779863299800437,0.04470229358865783,0.0210251989819102,0.1671655380421661,0.3983147502076091,0.4027267949750105,0.6930490575468433,0.33588040281747794,0.49749465529859166,Jameis Winston,1
TB,2017,16,5.0,335,382,0.3125,20.9375,23.875,-2.9375,0.11411993494234418,0.2694078882690888,0.059467749662719,0.15842751682184023,0.07915348799976568,0.06154785258247839,0.06297784959056847,0.04666802295601078,0.14822969717518447,0.47268082109385434,0.3441374213054702,0.6803137607064379,0.23275389901883514,0.5686097487095174,Jameis Winston,1
TB,2018,16,5.0,396,464,0.3125,24.75,29.0,-4.25,0.08488162330169222,0.2932623972106138,0.08265382144169041,0.14045746216510582,0.07039696645160098,0.02557386843622541,0.03362318206610519,0.021701269010347017,0.2474494099166191,0.5258689046946091,0.24257999636643704,0.5906718801504478,0.47669172131871046,0.4116877656082832,Jameis Winston,1
TB,2019,16,7.0,458,449,0.4375,28.625,28.0625,0.5625,0.03449427779749637,0.22422145760661807,0.09879244246726408,0.24233970051897497,0.1340258690633833,0.02850852853220644,0.03019476546881071,0.020700581125613418,0.18672237741963257,0.2773129929706099,0.2703192913399984,0.5564506325559575,0.2908246362807503,0.4589791602927949,Jameis Winston,0
TB,2020,16,11.0,492,355,0.6875,30.75,22.1875,8.5625,0.03291542702560215,0.2606104211754774,0.1004267119494861,0.20730262265687668,0.1420405855722558,0.03592652868045628,0.021230120490559983,0.022388697246624442,0.1771588852026611,0.27404819928409213,0.3130564537424576,0.551756703523159,0.3605384634492198,0.2909547549353564,Tom Brady,0
TB,2021,17,13.0,511,353,0.7647058823529411,30.058823529411764,20.764705882352942,9.294117647058822,0.059213177981109366,0.23092003138335096,0.08597324830605609,0.1916816732724554,0.07960506643938674,0.046424887734172714,0.03881444039219226,0.04358928890892432,0.22377818558235207,0.2729777115904928,0.3256006486168421,0.5582226757116769,0.3064476587398873,0.4195439384405697,Tom Brady,0
TB,2022,17,8.0,313,358,0.47058823529411764,18.41176470588235,21.058823529411764,-2.647058823529413,0.0924530145488873,0.1644436218153452,0.14956377277387328,0.2074248513047,0.08849356118562432,0.0427028005550321,0.03924987304992513,0.03362997423989176,0.18203853052672087,0.4989037179828022,0.27824960717300856,0.5549947841376222,0.4980248577739799,0.31631548098095236,Tom Brady,0
TB,2023,17,9.0,348,325,0.5294117647058824,20.470588235294116,19.11764705882353,1.352941176470587,0.09483909268468159,0.23366634376512618,0.11753929018233572,0.13941784818851818,0.02637929525566995,0.023651832434178354,0.041021608052469974,0.022806771096294223,0.3006779183407259,0.5517364235607539,0.33345875842689865,0.696724584997721,0.2976586079562661,0.5513850704090012,Baker Mayfield,0
TB,2024,17,10.0,502,385,0.5882352941176471,29.529411764705884,22.647058823529413,6.882352941176471,0.10659247561580086,0.2557630927865097,0.0623844812678863,0.13972844205578233,0.049009965861767986,0.027656683518257584,0.09107331964169295,0.03162524361226347,0.23616629564003877,0.7534899704658152,0.44952001645248,0.746146744592477,0.2589249517703639,0.6384593942816493,Baker Mayfield,0
TB,2025,17,8.0,380,411,0.47058823529411764,22.352941176470587,24.176470588235293,-1.8235294117647065,0.08605601625779179,0.25129283038064876,0.05028904202786514,0.12313895595894062,0.12428762396281004,0.02611057239882513,0.06176375862311651,0.0330913192748693,0.24396988111513276,0.6556454859462716,0.39759280402165953,0.7938608797619194,0.4142133327723353,0.4610563812972273,Baker Mayfield,0
TEN,2013,16,7.0,362,381,0.4375,22.625,23.8125,-1.1875,0.08971887861644327,0.14269863634452506,0.04195924450029666,0.23028430745081918,0.059208136150651465,0.14532229266036617,0.10069342277991376,0.026161256114025703,0.16395382538295875,0.7081506157213395,0.37975957421356543,0.29918600883800006,0.30429686650504584,0.2906358496927124,Ryan Fitzpatrick,0
TEN,2014,16,2.0,254,438,0.125,15.875,27.375,-11.5,0.09683912742881451,0.20325973799195035,0.06008288785216025,0.23484429756783887,0.054595661205059515,0.06543757239869766,0.12697441681838334,0.005302771770588423,0.15266352696650706,0.7769164094106107,0.21406070208520991,0.37716925123153305,0.3319445186387619,0.285005351866123,Zach Mettenberger,1
TEN,2015,16,3.0,299,423,0.1875,18.6875,26.4375,-7.75,0.13941188492946868,0.28539755547297735,0.055870257596985634,0.09950337859016821,0.04540390086240981,0.048069263821495636,0.11882015394576742,0.04357487624736468,0.1639487285333626,0.5665381613188428,0.21624672592963967,0.5753311482804255,0.3062612897863585,0.2954914557875321,Marcus Mariota,1
TEN,2016,16,9.0,381,378,0.5625,23.8125,23.625,0.1875,0.08866829587225873,0.2481765501547096,0.0615541508800637,0.16194710304737617,0.05766371685425675,0.06308739388702567,0.07946723054520465,0.047718509056455576,0.19171704970264916,0.7596052952775684,0.25442915673018013,0.5284516503420699,0.18295600124636013,0.2922294745522422,Marcus Mariota,1
TEN,2017,16,9.0,334,356,0.5625,20.875,22.25,-1.375,0.10007629248324676,0.2882372689285076,0.06031083851257551,0.11219678238341826,0.06781205706852263,0.05729651832005501,0.08947037168815831,0.04772075109033293,0.17687911952518304,0.5673072831918317,0.22090911601239957,0.4616268599489278,0.25544367998179257,0.23455962717757606,Marcus Mariota,1
TEN,2018,16,9.0,310,303,0.5625,19.375,18.9375,0.4375,0.12023336897204828,0.2742109440920301,0.07213326652891922,0.19858782452993728,0.05713100826820896,0.03872754487060919,0.07210915886951667,0.04757754611308087,0.11928933775564944,0.5222817144655657,0.3203208292204561,0.3468602010564954,0.31719935852210474,0.43774695442614975,Marcus Mariota,1
TEN,2019,16,9.0,402,331,0.5625,25.125,20.6875,4.4375,0.16426127130901777,0.1887766138347935,0.05998853566551928,0.18967632311024024,0.12795364542178003,0.04134342589716825,0.04987662005304501,0.04113475863278373,0.13698880607565214,0.43827817167610256,0.3702627007129509,0.3767483643395329,0.3850063593882726,0.2778440889800276,Ryan Tannehill,0
TEN,2020,16,11.0,491,439,0.6875,30.6875,27.4375,3.25,0.11612740469041835,0.1463955476940338,0.04154872531361339,0.2567316260067871,0.12631630614373482,0.049867037130564305,0.07591201876931061,0.03612706838455971,0.15097426586697799,0.6381352037701779,0.4733965382304715,0.41407843818178863,0.38408118725030516,0.34681728249866745,Ryan Tannehill,0
TEN,2021,17,12.0,419,354,0.7058823529411765,24.647058823529413,20.823529411764707,3.8235294117647065,0.07367647958092549,0.13858186888897234,0.06984492256441449,0.27292390015006807,0.07967124313800716,0.1107655376459592,0.1193447793125946,0.03789765901220443,0.09729360970685413,0.4238769982901935,0.24518685649445138,0.34956572983247447,0.3252766436001621,0.2793088101560498,Ryan Tannehill,0
TEN,2022,17,7.0,298,359,0.4117647058823529,17.529411764705884,21.11764705882353,-3.588235294117645,0.055545681827565446,0.236397616037305,0.04754599658024644,0.16124981074550276,0.21561981246934492,0.0649453073778641,0.08368379396609206,0.02036055862215472,0.11465142237392459,0.29982420071148663,0.4410006783141684,0.45633084095030163,0.4947901291080353,0.350929503803678,Ryan Tannehill,0
TEN,2023,17,6.0,305,367,0.35294117647058826,17.941176470588236,21.58823529411765,-3.647058823529413,0.08099297810025788,0.2131634415418246,0.037350555238301913,0.11645073301370783,0.240080919357484,0.11445911759672314,0.07097889100954209,0.025914238162164954,0.10060912597999354,0.27615044647831155,0.3007570153854461,0.4152405886825189,0.22459809386979232,0.27590828972738113,Will Levis,1
TEN,2024,17,3.0,311,460,0.17647058823529413,18.294117647058822,27.058823529411764,-8.764705882352942,0.12088774776476993,0.3386489639620196,0.07177875550671917,0.14953897745708855,0.029956317201010958,0.03937124207760223,0.07980403433156298,0.03331563514205603,0.13669832655717065,0.46098188679053165,0.3932185658311075,0.4217044170068948,0.2403950575674138,0.4093017590316117,Mason Rudolph,0
TEN,2025,17,3.0,284,478,0.17647058823529413,16.705882352941178,28.11764705882353,-11.411764705882351,0.12158174136423287,0.21964627481058757,0.037390487572241726,0.23440744574539943,0.05909953170750129,0.05611308712362355,0.07364019197989542,0.016145131617023068,0.18197610807949502,0.8475389845765177,0.47584604320139723,0.49383076444029267,0.2806469147115869,0.6997725389362188,Cam Ward,1
WAS,2013,16,3.0,334,478,0.1875,20.875,29.875,-9.0,0.06134756253687674,0.23583558221503004,0.11446057658527478,0.20942869281588036,0.05910864731836893,0.02423143040614492,0.03329187344097663,0.00960877271422162,0.252686861967226,0.5949799292485709,0.23721785109600083,0.5931391025996713,0.4172620549593859,0.3553464539088998,Robert Griffin,1
WAS,2014,16,4.0,301,438,0.25,18.8125,27.375,-8.5625,0.04631564404843108,0.3503465224861418,0.0446123054857926,0.23511845270641818,0.06886238501426846,0.021745797824225345,0.03947113952444693,0.0,0.19352775291027555,0.5877595299435142,0.31788251339810275,0.6320790366848318,0.4540467014563709,0.4873015985451686,Robert Griffin,1
WAS,2015,16,9.0,388,379,0.5625,24.25,23.6875,0.5625,0.04402136448061757,0.24047819298147685,0.05610884789153716,0.22767748539130908,0.07559526868051183,0.027018571536638062,0.09669241520241459,0.004032695346367027,0.22837515848912784,0.8111097221519791,0.21793342654371842,0.6063967017610163,0.3935367541053548,0.3568428910145525,Kirk Cousins,1
WAS,2016,16,8.5,396,383,0.53125,24.75,23.9375,0.8125,0.08471664828594273,0.16937897604840546,0.016002577903847157,0.2053513252017194,0.1758543636161276,0.019208287504098556,0.06754804147744042,0.011466699526273475,0.2504730804361452,0.7467782353350257,0.3945187387296618,0.5435921359019873,0.34527282891798183,0.3220397975518913,Kirk Cousins,0
WAS,2017,16,7.0,342,388,0.4375,21.375,24.25,-2.875,0.15193365713583176,0.18321428225979092,0.044589524241598545,0.21620007534664165,0.17132979109361393,0.027831909871906042,0.04330888014568718,0.020169362306344963,0.14142251759858504,0.8188195185447678,0.3972269619735647,0.35572920720933365,0.42619720109065456,0.2639033290437313,Kirk Cousins,0
WAS,2018,16,7.0,281,359,0.4375,17.5625,22.4375,-4.875,0.13203863103196709,0.18362671067976435,0.042481409770239134,0.22234178745672187,0.13972442146553413,0.0403784282456318,0.035217142532927195,0.028115855770411965,0.1760756130468025,0.8012041974916432,0.4234756246580094,0.43418801383050093,0.3814537072778178,0.3620444660308377,Alex Smith,0
WAS,2019,16,3.0,266,435,0.1875,16.625,27.1875,-10.5625,0.13482833319350976,0.1755570157106436,0.02287490536653583,0.1913314148326395,0.1781173024610483,0.05131800983404825,0.04491745934393305,0.03688928041867255,0.1641662788389692,0.6302507212293962,0.47218751239703777,0.33418011679013393,0.3890002953296454,0.3501758729624391,Case Keenum,0
WAS,2020,16,7.0,335,329,0.4375,20.9375,20.5625,0.375,0.07430432539928872,0.2337337377617571,0.08763550437874806,0.22916058004298848,0.1291051270670864,0.02831352719579075,0.10758035475957985,0.04403837277054325,0.06612847062421742,0.33898611512872434,0.30533196474947366,0.26129026526536114,0.4004894871509623,0.23407850632981528,Dwayne Haskins,1
WAS,2021,17,7.0,335,434,0.4117647058823529,19.705882352941178,25.529411764705884,-5.8235294117647065,0.12801015481332026,0.1984717833642451,0.06009433747981529,0.2520931989665723,0.0787367619290987,0.02353557057071174,0.13199617925855556,0.022184985079779777,0.10487702853790125,0.5939513353609889,0.2292785679715181,0.3436544376777135,0.41445279339941876,0.22839737785449082,Taylor Heinicke,0
WAS,2022,17,8.5,321,343,0.5,18.88235294117647,20.176470588235293,-1.2941176470588225,0.08254458678078636,0.19961634226690322,0.050429975298531965,0.190152756604555,0.1761988891196179,0.029230439677142447,0.035250958933828826,0.03240782064362723,0.20416823067500714,0.722822961197434,0.2552395850696342,0.3334071038097364,0.2397379669661953,0.3388613706312002,Taylor Heinicke,0
WAS,2023,17,4.0,329,518,0.23529411764705882,19.352941176470587,30.470588235294116,-11.117647058823529,0.1008720841102625,0.23086332158751377,0.06328616187698478,0.15921576709298696,0.05536431642786314,0.03432232632832203,0.0598647012957273,0.03442117335934926,0.2617901479209903,0.6670740073996152,0.5375832305696385,0.3440864935701372,0.23630849485049255,0.28743662492268784,Sam Howell,1
WAS,2024,17,12.0,485,391,0.7058823529411765,28.529411764705884,23.0,5.529411764705884,0.05312357860491798,0.32832510611316423,0.046883457978474756,0.1580394048363455,0.0715793520740783,0.035158475654614406,0.07660678731575965,0.03176359622023535,0.19852024120240983,0.34381277889106865,0.3362667799029358,0.7083159341880781,0.30441431608152086,0.6202196761475351,Jayden Daniels,1
WAS,2025,17,5.0,356,451,0.29411764705882354,20.941176470588236,26.529411764705884,-5.5882352941176485,0.1202406153115773,0.29246261163879517,0.0557820531871556,0.18376610747531116,0.07363083526783447,0.03753551817790723,0.05050957988687608,0.013341473077309242,0.17273120597723376,0.6077236407804981,0.3481767008486429,0.6549872255658107,0.23195764921658846,0.4054180776978458,Jayden Daniels,1
